number,input_file,output_file,frames,width,height,source_has_transparency,status,note
1,output-gif-all\achillesmon.gif,output-webm-all\achillesmon.webm,2,1152,1152,True,ok,Convertido para WebM VP9 com alpha. O loop é controlado pelo player/Foundry.
2,output-gif-all\aegisdramon.gif,output-webm-all\aegisdramon.webm,2,1152,1152,True,ok,Convertido para WebM VP9 com alpha. O loop é controlado pelo player/Foundry.
3,output-gif-all\aero-v-dramon.gif,output-webm-all\aero-v-dramon.webm,2,1152,1152,True,ok,Convertido para WebM VP9 com alpha. O loop é controlado pelo player/Foundry.
4,output-gif-all\agnimon.gif,output-webm-all\agnimon.webm,2,1152,1152,True,ok,Convertido para WebM VP9 com alpha. O loop é controlado pelo player/Foundry.
5,output-gif-all\agumon-2006.gif,output-webm-all\agumon-2006.webm,2,1152,1152,True,ok,Convertido para WebM VP9 com alpha. O loop é controlado pelo player/Foundry.
6,output-gif-all\agumon-black.gif,output-webm-all\agumon-black.webm,2,1152,1152,True,ok,Convertido para WebM VP9 com alpha. O loop é controlado pelo player/Foundry.
7,output-gif-all\agumon.gif,output-webm-all\agumon.webm,2,1152,1152,True,ok,Convertido para WebM VP9 com alpha. O loop é controlado pelo player/Foundry.
8,output-gif-all\airdramon.gif,output-webm-all\airdramon.webm,1,1152,1152,True,skipped,GIF estático: possui apenas 1 frame.
9,output-gif-all\ajatarmon.gif,output-webm-all\ajatarmon.webm,2,1152,1152,True,ok,Convertido para WebM VP9 com alpha. O loop é controlado pelo player/Foundry.
10,output-gif-all\aldamon.gif,output-webm-all\aldamon.webm,2,1152,1152,True,ok,Convertido para WebM VP9 com alpha. O loop é controlado pelo player/Foundry.
11,output-gif-all\algomon-adult.gif,output-webm-all\algomon-adult.webm,2,1152,1152,True,ok,Convertido para WebM VP9 com alpha. O loop é controlado pelo player/Foundry.
12,output-gif-all\alphamon-ouryuken.gif,output-webm-all\alphamon-ouryuken.webm,2,1152,1152,True,ok,Convertido para WebM VP9 com alpha. O loop é controlado pelo player/Foundry.
13,output-gif-all\alphamon.gif,output-webm-all\alphamon.webm,2,1152,1152,True,ok,Convertido para WebM VP9 com alpha. O loop é controlado pelo player/Foundry.
14,output-gif-all\amaterasumon.gif,output-webm-all\amaterasumon.webm,2,576,576,True,ok,Convertido para WebM VP9 com alpha. O loop é controlado pelo player/Foundry.
15,output-gif-all\amphimon.gif,output-webm-all\amphimon.webm,2,1152,1152,True,ok,Convertido para WebM VP9 com alpha. O loop é controlado pelo player/Foundry.
16,output-gif-all\ancient-beatmon.gif,output-webm-all\ancient-beatmon.webm,2,1152,1152,True,ok,Convertido para WebM VP9 com alpha. O loop é controlado pelo player/Foundry.
17,output-gif-all\ancient-garurumon.gif,output-webm-all\ancient-garurumon.webm,2,1152,1152,True,ok,Convertido para WebM VP9 com alpha. O loop é controlado pelo player/Foundry.
18,output-gif-all\ancient-greymon.gif,output-webm-all\ancient-greymon.webm,2,1152,1152,True,ok,Convertido para WebM VP9 com alpha. O loop é controlado pelo player/Foundry.
19,output-gif-all\ancient-irismon.gif,output-webm-all\ancient-irismon.webm,2,1152,1152,True,ok,Convertido para WebM VP9 com alpha. O loop é controlado pelo player/Foundry.
20,output-gif-all\ancient-megatheriumon.gif,output-webm-all\ancient-megatheriumon.webm,2,1152,1152,True,ok,Convertido para WebM VP9 com alpha. O loop é controlado pelo player/Foundry.
21,output-gif-all\ancient-mermaimon.gif,output-webm-all\ancient-mermaimon.webm,2,1152,1152,True,ok,Convertido para WebM VP9 com alpha. O loop é controlado pelo player/Foundry.
22,output-gif-all\ancient-sphinxmon.gif,output-webm-all\ancient-sphinxmon.webm,2,1152,1152,True,ok,Convertido para WebM VP9 com alpha. O loop é controlado pelo player/Foundry.
23,output-gif-all\ancient-troiamon.gif,output-webm-all\ancient-troiamon.webm,2,1152,1152,True,ok,Convertido para WebM VP9 com alpha. O loop é controlado pelo player/Foundry.
24,output-gif-all\ancient-volcamon.gif,output-webm-all\ancient-volcamon.webm,2,1152,1152,True,ok,Convertido para WebM VP9 com alpha. O loop é controlado pelo player/Foundry.
25,output-gif-all\ancient-wisemon.gif,output-webm-all\ancient-wisemon.webm,2,1152,1152,True,ok,Convertido para WebM VP9 com alpha. O loop é controlado pelo player/Foundry.
26,output-gif-all\andiramon-deva.gif,output-webm-all\andiramon-deva.webm,2,1152,1152,True,ok,Convertido para WebM VP9 com alpha. O loop é controlado pelo player/Foundry.
27,output-gif-all\andiramon.gif,output-webm-all\andiramon.webm,2,1152,1152,True,ok,Convertido para WebM VP9 com alpha. O loop é controlado pelo player/Foundry.
28,output-gif-all\andromon.gif,output-webm-all\andromon.webm,2,1152,1152,True,ok,Convertido para WebM VP9 com alpha. O loop é controlado pelo player/Foundry.
29,output-gif-all\angemon.gif,output-webm-all\angemon.webm,2,1152,1152,True,ok,Convertido para WebM VP9 com alpha. O loop é controlado pelo player/Foundry.
30,output-gif-all\angewomon.gif,output-webm-all\angewomon.webm,2,1152,1152,True,ok,Convertido para WebM VP9 com alpha. O loop é controlado pelo player/Foundry.
31,output-gif-all\angoramon.gif,output-webm-all\angoramon.webm,2,1152,1152,True,ok,Convertido para WebM VP9 com alpha. O loop é controlado pelo player/Foundry.
32,output-gif-all\ankylomon.gif,output-webm-all\ankylomon.webm,2,1152,1152,True,ok,Convertido para WebM VP9 com alpha. O loop é controlado pelo player/Foundry.
33,output-gif-all\anomalocarimon-x.gif,output-webm-all\anomalocarimon-x.webm,2,1152,1152,True,ok,Convertido para WebM VP9 com alpha. O loop é controlado pelo player/Foundry.
34,output-gif-all\anomalocarimon.gif,output-webm-all\anomalocarimon.webm,2,1152,1152,True,ok,Convertido para WebM VP9 com alpha. O loop é controlado pelo player/Foundry.
35,output-gif-all\anubimon.gif,output-webm-all\anubimon.webm,2,1152,1152,True,ok,Convertido para WebM VP9 com alpha. O loop é controlado pelo player/Foundry.
36,output-gif-all\apocalymon.gif,output-webm-all\apocalymon.webm,1,1152,1152,True,skipped,GIF estático: possui apenas 1 frame.
37,output-gif-all\apollomon.gif,output-webm-all\apollomon.webm,2,1152,1152,True,ok,Convertido para WebM VP9 com alpha. O loop é controlado pelo player/Foundry.
38,output-gif-all\aquilamon.gif,output-webm-all\aquilamon.webm,2,1152,1152,True,ok,Convertido para WebM VP9 com alpha. O loop é controlado pelo player/Foundry.
39,output-gif-all\arachnemon.gif,output-webm-all\arachnemon.webm,2,1152,1152,True,ok,Convertido para WebM VP9 com alpha. O loop é controlado pelo player/Foundry.
40,output-gif-all\arbormon.gif,output-webm-all\arbormon.webm,2,1152,1152,True,ok,Convertido para WebM VP9 com alpha. O loop é controlado pelo player/Foundry.
41,output-gif-all\arcturusmon.gif,output-webm-all\arcturusmon.webm,2,1152,1152,True,ok,Convertido para WebM VP9 com alpha. O loop é controlado pelo player/Foundry.
42,output-gif-all\ariemon.gif,output-webm-all\ariemon.webm,2,576,576,True,ok,Convertido para WebM VP9 com alpha. O loop é controlado pelo player/Foundry.
43,output-gif-all\arkhai-angemon.gif,output-webm-all\arkhai-angemon.webm,2,1152,1152,True,ok,Convertido para WebM VP9 com alpha. O loop é controlado pelo player/Foundry.
44,output-gif-all\armadimon.gif,output-webm-all\armadimon.webm,2,1152,1152,True,ok,Convertido para WebM VP9 com alpha. O loop é controlado pelo player/Foundry.
45,output-gif-all\armagemon.gif,output-webm-all\armagemon.webm,1,1152,1152,True,skipped,GIF estático: possui apenas 1 frame.
46,output-gif-all\armamon-burst-mode.gif,output-webm-all\armamon-burst-mode.webm,2,576,576,True,ok,Convertido para WebM VP9 com alpha. O loop é controlado pelo player/Foundry.
47,output-gif-all\armamon.gif,output-webm-all\armamon.webm,2,576,576,True,ok,Convertido para WebM VP9 com alpha. O loop é controlado pelo player/Foundry.
48,output-gif-all\arresterdramon-superior-mode-brave-snatcher.gif,output-webm-all\arresterdramon-superior-mode-brave-snatcher.webm,2,576,576,True,ok,Convertido para WebM VP9 com alpha. O loop é controlado pelo player/Foundry.
49,output-gif-all\arresterdramon-superior-mode.gif,output-webm-all\arresterdramon-superior-mode.webm,2,1152,1152,True,ok,Convertido para WebM VP9 com alpha. O loop é controlado pelo player/Foundry.
50,output-gif-all\arresterdramon.gif,output-webm-all\arresterdramon.webm,2,1152,1152,True,ok,Convertido para WebM VP9 com alpha. O loop é controlado pelo player/Foundry.
51,output-gif-all\astamon.gif,output-webm-all\astamon.webm,2,1152,1152,True,ok,Convertido para WebM VP9 com alpha. O loop é controlado pelo player/Foundry.
52,output-gif-all\asuramon.gif,output-webm-all\asuramon.webm,2,1152,1152,True,ok,Convertido para WebM VP9 com alpha. O loop é controlado pelo player/Foundry.
53,output-gif-all\atlur-ballistamon.gif,output-webm-all\atlur-ballistamon.webm,2,1152,1152,True,ok,Convertido para WebM VP9 com alpha. O loop é controlado pelo player/Foundry.
54,output-gif-all\atlur-kabuterimon-red.gif,output-webm-all\atlur-kabuterimon-red.webm,2,1152,1152,True,ok,Convertido para WebM VP9 com alpha. O loop é controlado pelo player/Foundry.
55,output-gif-all\atlur-kabuterimon.gif,output-webm-all\atlur-kabuterimon.webm,2,576,576,True,ok,Convertido para WebM VP9 com alpha. O loop é controlado pelo player/Foundry.
56,output-gif-all\baalmon.gif,output-webm-all\baalmon.webm,2,1152,1152,True,ok,Convertido para WebM VP9 com alpha. O loop é controlado pelo player/Foundry.
57,output-gif-all\babydmon.gif,output-webm-all\babydmon.webm,2,1152,1152,True,ok,Convertido para WebM VP9 com alpha. O loop é controlado pelo player/Foundry.
58,output-gif-all\bakemon.gif,output-webm-all\bakemon.webm,2,1152,1152,True,ok,Convertido para WebM VP9 com alpha. O loop é controlado pelo player/Foundry.
59,output-gif-all\bakumon.gif,output-webm-all\bakumon.webm,1,1152,1152,True,skipped,GIF estático: possui apenas 1 frame.
60,output-gif-all\ballistamon.gif,output-webm-all\ballistamon.webm,2,1152,1152,True,ok,Convertido para WebM VP9 com alpha. O loop é controlado pelo player/Foundry.
61,output-gif-all\bancho-leomon.gif,output-webm-all\bancho-leomon.webm,2,576,576,True,ok,Convertido para WebM VP9 com alpha. O loop é controlado pelo player/Foundry.
62,output-gif-all\bancho-lilimon.gif,output-webm-all\bancho-lilimon.webm,2,1152,1152,True,ok,Convertido para WebM VP9 com alpha. O loop é controlado pelo player/Foundry.
63,output-gif-all\bancho-mamemon.gif,output-webm-all\bancho-mamemon.webm,2,576,576,True,ok,Convertido para WebM VP9 com alpha. O loop é controlado pelo player/Foundry.
64,output-gif-all\bancho-stingmon.gif,output-webm-all\bancho-stingmon.webm,2,1152,1152,True,ok,Convertido para WebM VP9 com alpha. O loop é controlado pelo player/Foundry.
65,output-gif-all\bao-hackmon.gif,output-webm-all\bao-hackmon.webm,2,1152,1152,True,ok,Convertido para WebM VP9 com alpha. O loop é controlado pelo player/Foundry.
66,output-gif-all\bastemon.gif,output-webm-all\bastemon.webm,2,1152,1152,True,ok,Convertido para WebM VP9 com alpha. O loop é controlado pelo player/Foundry.
67,output-gif-all\bearmon.gif,output-webm-all\bearmon.webm,2,1152,1152,True,ok,Convertido para WebM VP9 com alpha. O loop é controlado pelo player/Foundry.
68,output-gif-all\beelzebumon-2010.gif,output-webm-all\beelzebumon-2010.webm,2,1152,1152,True,ok,Convertido para WebM VP9 com alpha. O loop é controlado pelo player/Foundry.
69,output-gif-all\beelzebumon-blast-mode.gif,output-webm-all\beelzebumon-blast-mode.webm,2,1152,1152,True,ok,Convertido para WebM VP9 com alpha. O loop é controlado pelo player/Foundry.
70,output-gif-all\beelzebumon.gif,output-webm-all\beelzebumon.webm,2,1152,1152,True,ok,Convertido para WebM VP9 com alpha. O loop é controlado pelo player/Foundry.
71,output-gif-all\belial-vamdemon.gif,output-webm-all\belial-vamdemon.webm,1,1152,1152,True,skipped,GIF estático: possui apenas 1 frame.
72,output-gif-all\belphemon-rage-mode.gif,output-webm-all\belphemon-rage-mode.webm,2,1152,1152,True,ok,Convertido para WebM VP9 com alpha. O loop é controlado pelo player/Foundry.
73,output-gif-all\bemmon.gif,output-webm-all\bemmon.webm,2,1152,1152,True,ok,Convertido para WebM VP9 com alpha. O loop é controlado pelo player/Foundry.
74,output-gif-all\beowolfmon.gif,output-webm-all\beowolfmon.webm,2,1152,1152,True,ok,Convertido para WebM VP9 com alpha. O loop é controlado pelo player/Foundry.
75,output-gif-all\betamon.gif,output-webm-all\betamon.webm,2,576,576,True,ok,Convertido para WebM VP9 com alpha. O loop é controlado pelo player/Foundry.
76,output-gif-all\betel-gammamon.gif,output-webm-all\betel-gammamon.webm,2,1152,1152,True,ok,Convertido para WebM VP9 com alpha. O loop é controlado pelo player/Foundry.
77,output-gif-all\bibimon.gif,output-webm-all\bibimon.webm,2,1152,1152,True,ok,Convertido para WebM VP9 com alpha. O loop é controlado pelo player/Foundry.
78,output-gif-all\big-mamemon.gif,output-webm-all\big-mamemon.webm,2,1152,1152,True,ok,Convertido para WebM VP9 com alpha. O loop é controlado pelo player/Foundry.
79,output-gif-all\big-ukkomon.gif,output-webm-all\big-ukkomon.webm,2,1152,1152,True,ok,Convertido para WebM VP9 com alpha. O loop é controlado pelo player/Foundry.
80,output-gif-all\birdramon.gif,output-webm-all\birdramon.webm,2,1152,1152,True,ok,Convertido para WebM VP9 com alpha. O loop é controlado pelo player/Foundry.
81,output-gif-all\black-king-numemon.gif,output-webm-all\black-king-numemon.webm,2,1152,1152,True,ok,Convertido para WebM VP9 com alpha. O loop é controlado pelo player/Foundry.
82,output-gif-all\black-tailmon-uver.gif,output-webm-all\black-tailmon-uver.webm,2,1152,1152,True,ok,Convertido para WebM VP9 com alpha. O loop é controlado pelo player/Foundry.
83,output-gif-all\black-war-greymon.gif,output-webm-all\black-war-greymon.webm,2,1152,1152,True,ok,Convertido para WebM VP9 com alpha. O loop é controlado pelo player/Foundry.
84,output-gif-all\blade-kuwagamon.gif,output-webm-all\blade-kuwagamon.webm,2,1152,1152,True,ok,Convertido para WebM VP9 com alpha. O loop é controlado pelo player/Foundry.
85,output-gif-all\blastmon.gif,output-webm-all\blastmon.webm,2,1152,1152,True,ok,Convertido para WebM VP9 com alpha. O loop é controlado pelo player/Foundry.
86,output-gif-all\blitz-greymon.gif,output-webm-all\blitz-greymon.webm,2,1152,1152,True,ok,Convertido para WebM VP9 com alpha. O loop é controlado pelo player/Foundry.
87,output-gif-all\blitzmon.gif,output-webm-all\blitzmon.webm,2,1152,1152,True,ok,Convertido para WebM VP9 com alpha. O loop é controlado pelo player/Foundry.
88,output-gif-all\blizzarmon.gif,output-webm-all\blizzarmon.webm,2,1152,1152,True,ok,Convertido para WebM VP9 com alpha. O loop é controlado pelo player/Foundry.
89,output-gif-all\bloom-lordmon.gif,output-webm-all\bloom-lordmon.webm,2,1152,1152,True,ok,Convertido para WebM VP9 com alpha. O loop é controlado pelo player/Foundry.
90,output-gif-all\blossomon.gif,output-webm-all\blossomon.webm,2,1152,1152,True,ok,Convertido para WebM VP9 com alpha. O loop é controlado pelo player/Foundry.
91,output-gif-all\blucomon.gif,output-webm-all\blucomon.webm,2,1152,1152,True,ok,Convertido para WebM VP9 com alpha. O loop é controlado pelo player/Foundry.
92,output-gif-all\bokomon.gif,output-webm-all\bokomon.webm,2,1152,1152,True,ok,Convertido para WebM VP9 com alpha. O loop é controlado pelo player/Foundry.
93,output-gif-all\bolgmon.gif,output-webm-all\bolgmon.webm,2,1152,1152,True,ok,Convertido para WebM VP9 com alpha. O loop é controlado pelo player/Foundry.
94,output-gif-all\boltmon.gif,output-webm-all\boltmon.webm,2,576,576,True,ok,Convertido para WebM VP9 com alpha. O loop é controlado pelo player/Foundry.
95,output-gif-all\bombermon.gif,output-webm-all\bombermon.webm,2,1152,1152,True,ok,Convertido para WebM VP9 com alpha. O loop é controlado pelo player/Foundry.
96,output-gif-all\bommon.gif,output-webm-all\bommon.webm,2,1152,1152,True,ok,Convertido para WebM VP9 com alpha. O loop é controlado pelo player/Foundry.
97,output-gif-all\bosamon.gif,output-webm-all\bosamon.webm,2,1152,1152,True,ok,Convertido para WebM VP9 com alpha. O loop é controlado pelo player/Foundry.
98,output-gif-all\botamon-digitama.gif,output-webm-all\botamon-digitama.webm,2,576,576,True,ok,Convertido para WebM VP9 com alpha. O loop é controlado pelo player/Foundry.
99,output-gif-all\botamon.gif,output-webm-all\botamon.webm,2,1152,1152,True,ok,Convertido para WebM VP9 com alpha. O loop é controlado pelo player/Foundry.
100,output-gif-all\boutmon.gif,output-webm-all\boutmon.webm,2,1152,1152,True,ok,Convertido para WebM VP9 com alpha. O loop é controlado pelo player/Foundry.
101,output-gif-all\bowmon.gif,output-webm-all\bowmon.webm,2,1152,1152,True,ok,Convertido para WebM VP9 com alpha. O loop é controlado pelo player/Foundry.
102,output-gif-all\brachiomon.gif,output-webm-all\brachiomon.webm,2,1152,1152,True,ok,Convertido para WebM VP9 com alpha. O loop é controlado pelo player/Foundry.
103,output-gif-all\breakdramon.gif,output-webm-all\breakdramon.webm,2,1152,1152,True,ok,Convertido para WebM VP9 com alpha. O loop é controlado pelo player/Foundry.
104,output-gif-all\brigadramon.gif,output-webm-all\brigadramon.webm,2,1152,1152,True,ok,Convertido para WebM VP9 com alpha. O loop é controlado pelo player/Foundry.
105,output-gif-all\bryweludramon.gif,output-webm-all\bryweludramon.webm,2,1152,1152,True,ok,Convertido para WebM VP9 com alpha. O loop é controlado pelo player/Foundry.
106,output-gif-all\bubbmon.gif,output-webm-all\bubbmon.webm,2,1152,1152,True,ok,Convertido para WebM VP9 com alpha. O loop é controlado pelo player/Foundry.
107,output-gif-all\bulkmon.gif,output-webm-all\bulkmon.webm,2,1152,1152,True,ok,Convertido para WebM VP9 com alpha. O loop é controlado pelo player/Foundry.
108,output-gif-all\calamaramon.gif,output-webm-all\calamaramon.webm,2,1152,1152,True,ok,Convertido para WebM VP9 com alpha. O loop é controlado pelo player/Foundry.
109,output-gif-all\callismon.gif,output-webm-all\callismon.webm,2,576,576,True,ok,Convertido para WebM VP9 com alpha. O loop é controlado pelo player/Foundry.
110,output-gif-all\candmon.gif,output-webm-all\candmon.webm,2,576,576,True,ok,Convertido para WebM VP9 com alpha. O loop é controlado pelo player/Foundry.
111,output-gif-all\cannonbeemon.gif,output-webm-all\cannonbeemon.webm,2,1152,1152,True,ok,Convertido para WebM VP9 com alpha. O loop é controlado pelo player/Foundry.
112,output-gif-all\cannondramon.gif,output-webm-all\cannondramon.webm,2,1152,1152,True,ok,Convertido para WebM VP9 com alpha. O loop é controlado pelo player/Foundry.
113,output-gif-all\canoweissmon.gif,output-webm-all\canoweissmon.webm,2,1152,1152,True,ok,Convertido para WebM VP9 com alpha. O loop é controlado pelo player/Foundry.
114,output-gif-all\caprimon.gif,output-webm-all\caprimon.webm,2,1152,1152,True,ok,Convertido para WebM VP9 com alpha. O loop é controlado pelo player/Foundry.
115,output-gif-all\care-mistakes.gif,output-webm-all\care-mistakes.webm,2,1088,576,False,ok,Convertido para WebM VP9 com alpha. O loop é controlado pelo player/Foundry.
116,output-gif-all\cargodramon.gif,output-webm-all\cargodramon.webm,2,1152,1152,True,ok,Convertido para WebM VP9 com alpha. O loop é controlado pelo player/Foundry.
117,output-gif-all\caturamon.gif,output-webm-all\caturamon.webm,2,1152,1152,True,ok,Convertido para WebM VP9 com alpha. O loop é controlado pelo player/Foundry.
118,output-gif-all\centaurmon.gif,output-webm-all\centaurmon.webm,1,1152,1152,True,skipped,GIF estático: possui apenas 1 frame.
119,output-gif-all\cerberumon.gif,output-webm-all\cerberumon.webm,2,1152,1152,True,ok,Convertido para WebM VP9 com alpha. O loop é controlado pelo player/Foundry.
120,output-gif-all\cernumon.gif,output-webm-all\cernumon.webm,2,576,576,True,ok,Convertido para WebM VP9 com alpha. O loop é controlado pelo player/Foundry.
121,output-gif-all\chackmon.gif,output-webm-all\chackmon.webm,2,1152,1152,True,ok,Convertido para WebM VP9 com alpha. O loop é controlado pelo player/Foundry.
122,output-gif-all\chamblemon.gif,output-webm-all\chamblemon.webm,2,1152,1152,True,ok,Convertido para WebM VP9 com alpha. O loop é controlado pelo player/Foundry.
123,output-gif-all\chaos-dukemon.gif,output-webm-all\chaos-dukemon.webm,2,1152,1152,True,ok,Convertido para WebM VP9 com alpha. O loop é controlado pelo player/Foundry.
124,output-gif-all\chaosdramon.gif,output-webm-all\chaosdramon.webm,2,1152,1152,True,ok,Convertido para WebM VP9 com alpha. O loop é controlado pelo player/Foundry.
125,output-gif-all\chaosmon.gif,output-webm-all\chaosmon.webm,2,576,576,True,ok,Convertido para WebM VP9 com alpha. O loop é controlado pelo player/Foundry.
126,output-gif-all\cherubimon-vice.gif,output-webm-all\cherubimon-vice.webm,2,1152,1152,True,ok,Convertido para WebM VP9 com alpha. O loop é controlado pelo player/Foundry.
127,output-gif-all\cherubimon-virtue.gif,output-webm-all\cherubimon-virtue.webm,2,1152,1152,True,ok,Convertido para WebM VP9 com alpha. O loop é controlado pelo player/Foundry.
128,output-gif-all\chibickmon.gif,output-webm-all\chibickmon.webm,2,576,576,True,ok,Convertido para WebM VP9 com alpha. O loop é controlado pelo player/Foundry.
129,output-gif-all\chibimon.gif,output-webm-all\chibimon.webm,2,1152,1152,True,ok,Convertido para WebM VP9 com alpha. O loop é controlado pelo player/Foundry.
130,output-gif-all\chicomon.gif,output-webm-all\chicomon.webm,2,1152,1152,True,ok,Convertido para WebM VP9 com alpha. O loop é controlado pelo player/Foundry.
131,output-gif-all\chimairamon.gif,output-webm-all\chimairamon.webm,2,1152,1152,True,ok,Convertido para WebM VP9 com alpha. O loop é controlado pelo player/Foundry.
132,output-gif-all\cho-hakkaimon.gif,output-webm-all\cho-hakkaimon.webm,2,576,576,True,ok,Convertido para WebM VP9 com alpha. O loop é controlado pelo player/Foundry.
133,output-gif-all\chocomon.gif,output-webm-all\chocomon.webm,1,1152,1152,True,skipped,GIF estático: possui apenas 1 frame.
134,output-gif-all\choromon.gif,output-webm-all\choromon.webm,2,1152,1152,True,ok,Convertido para WebM VP9 com alpha. O loop é controlado pelo player/Foundry.
135,output-gif-all\climbmon.gif,output-webm-all\climbmon.webm,2,1152,1152,True,ok,Convertido para WebM VP9 com alpha. O loop é controlado pelo player/Foundry.
136,output-gif-all\clockmon.gif,output-webm-all\clockmon.webm,2,576,576,True,ok,Convertido para WebM VP9 com alpha. O loop é controlado pelo player/Foundry.
137,output-gif-all\cockatrimon.gif,output-webm-all\cockatrimon.webm,2,1152,1152,True,ok,Convertido para WebM VP9 com alpha. O loop é controlado pelo player/Foundry.
138,output-gif-all\coelamon.gif,output-webm-all\coelamon.webm,2,1152,1152,True,ok,Convertido para WebM VP9 com alpha. O loop é controlado pelo player/Foundry.
139,output-gif-all\commandramon.gif,output-webm-all\commandramon.webm,2,1152,1152,True,ok,Convertido para WebM VP9 com alpha. O loop é controlado pelo player/Foundry.
140,output-gif-all\coredramon-blue.gif,output-webm-all\coredramon-blue.webm,2,1152,1152,True,ok,Convertido para WebM VP9 com alpha. O loop é controlado pelo player/Foundry.
141,output-gif-all\coredramon-green.gif,output-webm-all\coredramon-green.webm,2,1152,1152,True,ok,Convertido para WebM VP9 com alpha. O loop é controlado pelo player/Foundry.
142,output-gif-all\coronamon.gif,output-webm-all\coronamon.webm,2,1152,1152,True,ok,Convertido para WebM VP9 com alpha. O loop é controlado pelo player/Foundry.
143,output-gif-all\cotsucomon.gif,output-webm-all\cotsucomon.webm,2,1152,1152,True,ok,Convertido para WebM VP9 com alpha. O loop é controlado pelo player/Foundry.
144,output-gif-all\cres-garurumon.gif,output-webm-all\cres-garurumon.webm,2,1152,1152,True,ok,Convertido para WebM VP9 com alpha. O loop é controlado pelo player/Foundry.
145,output-gif-all\crescemon.gif,output-webm-all\crescemon.webm,2,1152,1152,True,ok,Convertido para WebM VP9 com alpha. O loop é controlado pelo player/Foundry.
146,output-gif-all\crys-paledramon.gif,output-webm-all\crys-paledramon.webm,2,1152,1152,True,ok,Convertido para WebM VP9 com alpha. O loop é controlado pelo player/Foundry.
147,output-gif-all\cthyllamon.gif,output-webm-all\cthyllamon.webm,2,1152,1152,True,ok,Convertido para WebM VP9 com alpha. O loop é controlado pelo player/Foundry.
148,output-gif-all\curimon.gif,output-webm-all\curimon.webm,2,1152,1152,True,ok,Convertido para WebM VP9 com alpha. O loop é controlado pelo player/Foundry.
149,output-gif-all\cyberdramon-2010.gif,output-webm-all\cyberdramon-2010.webm,2,1152,1152,True,ok,Convertido para WebM VP9 com alpha. O loop é controlado pelo player/Foundry.
150,output-gif-all\cyberdramon.gif,output-webm-all\cyberdramon.webm,2,1152,1152,True,ok,Convertido para WebM VP9 com alpha. O loop é controlado pelo player/Foundry.
151,output-gif-all\cyclomon.gif,output-webm-all\cyclomon.webm,2,576,576,True,ok,Convertido para WebM VP9 com alpha. O loop é controlado pelo player/Foundry.
152,output-gif-all\dagomon.gif,output-webm-all\dagomon.webm,2,1152,1152,True,ok,Convertido para WebM VP9 com alpha. O loop é controlado pelo player/Foundry.
153,output-gif-all\daipenmon.gif,output-webm-all\daipenmon.webm,2,1152,1152,True,ok,Convertido para WebM VP9 com alpha. O loop é controlado pelo player/Foundry.
154,output-gif-all\daisuke-motomiya.gif,output-webm-all\daisuke-motomiya.webm,2,1152,1152,True,ok,Convertido para WebM VP9 com alpha. O loop é controlado pelo player/Foundry.
155,output-gif-all\damemon.gif,output-webm-all\damemon.webm,2,1152,1152,True,ok,Convertido para WebM VP9 com alpha. O loop é controlado pelo player/Foundry.
156,output-gif-all\dark-super-starmon.gif,output-webm-all\dark-super-starmon.webm,2,1152,1152,True,ok,Convertido para WebM VP9 com alpha. O loop é controlado pelo player/Foundry.
157,output-gif-all\dark-tyranomon.gif,output-webm-all\dark-tyranomon.webm,2,1152,1152,True,ok,Convertido para WebM VP9 com alpha. O loop é controlado pelo player/Foundry.
158,output-gif-all\darkdramon.gif,output-webm-all\darkdramon.webm,2,1152,1152,True,ok,Convertido para WebM VP9 com alpha. O loop é controlado pelo player/Foundry.
159,output-gif-all\darumamon.gif,output-webm-all\darumamon.webm,2,576,576,True,ok,Convertido para WebM VP9 com alpha. O loop é controlado pelo player/Foundry.
160,output-gif-all\deadly-axemon.gif,output-webm-all\deadly-axemon.webm,2,576,576,True,ok,Convertido para WebM VP9 com alpha. O loop é controlado pelo player/Foundry.
161,output-gif-all\death-meramon.gif,output-webm-all\death-meramon.webm,2,1152,1152,True,ok,Convertido para WebM VP9 com alpha. O loop é controlado pelo player/Foundry.
162,output-gif-all\death-x-dorugamon.gif,output-webm-all\death-x-dorugamon.webm,2,1152,1152,True,ok,Convertido para WebM VP9 com alpha. O loop é controlado pelo player/Foundry.
163,output-gif-all\death-x-dorugoramon.gif,output-webm-all\death-x-dorugoramon.webm,2,1152,1152,True,ok,Convertido para WebM VP9 com alpha. O loop é controlado pelo player/Foundry.
164,output-gif-all\death-x-doruguremon.gif,output-webm-all\death-x-doruguremon.webm,2,1152,1152,True,ok,Convertido para WebM VP9 com alpha. O loop é controlado pelo player/Foundry.
165,output-gif-all\deathmon-black.gif,output-webm-all\deathmon-black.webm,2,1152,1152,True,ok,Convertido para WebM VP9 com alpha. O loop é controlado pelo player/Foundry.
166,output-gif-all\deathmon.gif,output-webm-all\deathmon.webm,2,1152,1152,True,ok,Convertido para WebM VP9 com alpha. O loop é controlado pelo player/Foundry.
167,output-gif-all\decker-greymon.gif,output-webm-all\decker-greymon.webm,2,576,576,True,ok,Convertido para WebM VP9 com alpha. O loop é controlado pelo player/Foundry.
168,output-gif-all\deckerdramon.gif,output-webm-all\deckerdramon.webm,2,576,576,True,ok,Convertido para WebM VP9 com alpha. O loop é controlado pelo player/Foundry.
169,output-gif-all\deltamon.gif,output-webm-all\deltamon.webm,1,1152,1152,True,skipped,GIF estático: possui apenas 1 frame.
170,output-gif-all\delumon.gif,output-webm-all\delumon.webm,1,1152,1152,True,skipped,GIF estático: possui apenas 1 frame.
171,output-gif-all\demon.gif,output-webm-all\demon.webm,1,1152,1152,True,skipped,GIF estático: possui apenas 1 frame.
172,output-gif-all\destromon.gif,output-webm-all\destromon.webm,2,1152,1152,True,ok,Convertido para WebM VP9 com alpha. O loop é controlado pelo player/Foundry.
173,output-gif-all\devidramon.gif,output-webm-all\devidramon.webm,2,1152,1152,True,ok,Convertido para WebM VP9 com alpha. O loop é controlado pelo player/Foundry.
174,output-gif-all\devimon.gif,output-webm-all\devimon.webm,2,1152,1152,True,ok,Convertido para WebM VP9 com alpha. O loop é controlado pelo player/Foundry.
175,output-gif-all\devitamamon.gif,output-webm-all\devitamamon.webm,2,1152,1152,True,ok,Convertido para WebM VP9 com alpha. O loop é controlado pelo player/Foundry.
176,output-gif-all\diablomon.gif,output-webm-all\diablomon.webm,1,1152,1152,True,skipped,GIF estático: possui apenas 1 frame.
177,output-gif-all\dianamon.gif,output-webm-all\dianamon.webm,2,1152,1152,True,ok,Convertido para WebM VP9 com alpha. O loop é controlado pelo player/Foundry.
178,output-gif-all\diarbbitmon.gif,output-webm-all\diarbbitmon.webm,2,1152,1152,True,ok,Convertido para WebM VP9 com alpha. O loop é controlado pelo player/Foundry.
179,output-gif-all\digitamamon.gif,output-webm-all\digitamamon.webm,2,1152,1152,True,ok,Convertido para WebM VP9 com alpha. O loop é controlado pelo player/Foundry.
180,output-gif-all\digmon.gif,output-webm-all\digmon.webm,2,1152,1152,True,ok,Convertido para WebM VP9 com alpha. O loop é controlado pelo player/Foundry.
181,output-gif-all\dijiangmon.gif,output-webm-all\dijiangmon.webm,2,576,576,True,ok,Convertido para WebM VP9 com alpha. O loop é controlado pelo player/Foundry.
182,output-gif-all\dinobeemon.gif,output-webm-all\dinobeemon.webm,2,1152,1152,True,ok,Convertido para WebM VP9 com alpha. O loop é controlado pelo player/Foundry.
183,output-gif-all\dinorexmon.gif,output-webm-all\dinorexmon.webm,2,1152,1152,True,ok,Convertido para WebM VP9 com alpha. O loop é controlado pelo player/Foundry.
184,output-gif-all\dinotigermon.gif,output-webm-all\dinotigermon.webm,2,1152,1152,True,ok,Convertido para WebM VP9 com alpha. O loop é controlado pelo player/Foundry.
185,output-gif-all\divemon.gif,output-webm-all\divemon.webm,2,1152,1152,True,ok,Convertido para WebM VP9 com alpha. O loop é controlado pelo player/Foundry.
186,output-gif-all\dobermon.gif,output-webm-all\dobermon.webm,2,1152,1152,True,ok,Convertido para WebM VP9 com alpha. O loop é controlado pelo player/Foundry.
187,output-gif-all\dodomon.gif,output-webm-all\dodomon.webm,2,1152,1152,True,ok,Convertido para WebM VP9 com alpha. O loop é controlado pelo player/Foundry.
188,output-gif-all\dogmon.gif,output-webm-all\dogmon.webm,2,1152,1152,True,ok,Convertido para WebM VP9 com alpha. O loop é controlado pelo player/Foundry.
189,output-gif-all\dokimon.gif,output-webm-all\dokimon.webm,2,1152,1152,True,ok,Convertido para WebM VP9 com alpha. O loop é controlado pelo player/Foundry.
190,output-gif-all\dokugumon.gif,output-webm-all\dokugumon.webm,2,1152,1152,True,ok,Convertido para WebM VP9 com alpha. O loop é controlado pelo player/Foundry.
191,output-gif-all\dominimon.gif,output-webm-all\dominimon.webm,2,1152,1152,True,ok,Convertido para WebM VP9 com alpha. O loop é controlado pelo player/Foundry.
192,output-gif-all\done-devimon.gif,output-webm-all\done-devimon.webm,2,1152,1152,True,ok,Convertido para WebM VP9 com alpha. O loop é controlado pelo player/Foundry.
193,output-gif-all\dorimon.gif,output-webm-all\dorimon.webm,2,1152,1152,True,ok,Convertido para WebM VP9 com alpha. O loop é controlado pelo player/Foundry.
194,output-gif-all\dorugamon.gif,output-webm-all\dorugamon.webm,2,1152,1152,True,ok,Convertido para WebM VP9 com alpha. O loop é controlado pelo player/Foundry.
195,output-gif-all\dorugoramon.gif,output-webm-all\dorugoramon.webm,2,1152,1152,True,ok,Convertido para WebM VP9 com alpha. O loop é controlado pelo player/Foundry.
196,output-gif-all\doruguremon.gif,output-webm-all\doruguremon.webm,2,1152,1152,True,ok,Convertido para WebM VP9 com alpha. O loop é controlado pelo player/Foundry.
197,output-gif-all\dorulumon.gif,output-webm-all\dorulumon.webm,2,1152,1152,True,ok,Convertido para WebM VP9 com alpha. O loop é controlado pelo player/Foundry.
198,output-gif-all\dorumon.gif,output-webm-all\dorumon.webm,2,1152,1152,True,ok,Convertido para WebM VP9 com alpha. O loop é controlado pelo player/Foundry.
199,output-gif-all\doumon.gif,output-webm-all\doumon.webm,2,1152,1152,True,ok,Convertido para WebM VP9 com alpha. O loop é controlado pelo player/Foundry.
200,output-gif-all\dracomon.gif,output-webm-all\dracomon.webm,2,1152,1152,True,ok,Convertido para WebM VP9 com alpha. O loop é controlado pelo player/Foundry.
201,output-gif-all\dracumon.gif,output-webm-all\dracumon.webm,2,1152,1152,True,ok,Convertido para WebM VP9 com alpha. O loop é controlado pelo player/Foundry.
202,output-gif-all\drimogemon.gif,output-webm-all\drimogemon.webm,2,1152,1152,True,ok,Convertido para WebM VP9 com alpha. O loop é controlado pelo player/Foundry.
203,output-gif-all\dukemon-crimson-mode.gif,output-webm-all\dukemon-crimson-mode.webm,2,1152,1152,True,ok,Convertido para WebM VP9 com alpha. O loop é controlado pelo player/Foundry.
204,output-gif-all\dukemon-x.gif,output-webm-all\dukemon-x.webm,2,1152,1152,True,ok,Convertido para WebM VP9 com alpha. O loop é controlado pelo player/Foundry.
205,output-gif-all\dukemon.gif,output-webm-all\dukemon.webm,2,1152,1152,True,ok,Convertido para WebM VP9 com alpha. O loop é controlado pelo player/Foundry.
206,output-gif-all\duramon.gif,output-webm-all\duramon.webm,2,1152,1152,True,ok,Convertido para WebM VP9 com alpha. O loop é controlado pelo player/Foundry.
207,output-gif-all\durandamon.gif,output-webm-all\durandamon.webm,2,1152,1152,True,ok,Convertido para WebM VP9 com alpha. O loop é controlado pelo player/Foundry.
208,output-gif-all\duskmon.gif,output-webm-all\duskmon.webm,2,1152,1152,True,ok,Convertido para WebM VP9 com alpha. O loop é controlado pelo player/Foundry.
209,output-gif-all\dynasmon.gif,output-webm-all\dynasmon.webm,2,1152,1152,True,ok,Convertido para WebM VP9 com alpha. O loop é controlado pelo player/Foundry.
210,output-gif-all\ebemon.gif,output-webm-all\ebemon.webm,2,576,576,True,ok,Convertido para WebM VP9 com alpha. O loop é controlado pelo player/Foundry.
211,output-gif-all\ebidramon.gif,output-webm-all\ebidramon.webm,2,1152,1152,True,ok,Convertido para WebM VP9 com alpha. O loop é controlado pelo player/Foundry.
212,output-gif-all\el-doradimon.gif,output-webm-all\el-doradimon.webm,2,576,576,True,ok,Convertido para WebM VP9 com alpha. O loop é controlado pelo player/Foundry.
213,output-gif-all\elecmon.gif,output-webm-all\elecmon.webm,1,1152,1152,True,skipped,GIF estático: possui apenas 1 frame.
214,output-gif-all\enmamon.gif,output-webm-all\enmamon.webm,2,576,576,True,ok,Convertido para WebM VP9 com alpha. O loop é controlado pelo player/Foundry.
215,output-gif-all\eosmon-perfect.gif,output-webm-all\eosmon-perfect.webm,2,1152,1152,True,ok,Convertido para WebM VP9 com alpha. O loop é controlado pelo player/Foundry.
216,output-gif-all\erlangmon-blast-mode.gif,output-webm-all\erlangmon-blast-mode.webm,2,576,576,True,ok,Convertido para WebM VP9 com alpha. O loop é controlado pelo player/Foundry.
217,output-gif-all\erlangmon.gif,output-webm-all\erlangmon.webm,2,576,576,True,ok,Convertido para WebM VP9 com alpha. O loop é controlado pelo player/Foundry.
218,output-gif-all\espimon.gif,output-webm-all\espimon.webm,2,1152,1152,True,ok,Convertido para WebM VP9 com alpha. O loop é controlado pelo player/Foundry.
219,output-gif-all\etemon.gif,output-webm-all\etemon.webm,2,1152,1152,True,ok,Convertido para WebM VP9 com alpha. O loop é controlado pelo player/Foundry.
220,output-gif-all\evilmon.gif,output-webm-all\evilmon.webm,1,1152,1152,True,skipped,GIF estático: possui apenas 1 frame.
221,output-gif-all\ex-tyranomon.gif,output-webm-all\ex-tyranomon.webm,2,1152,1152,True,ok,Convertido para WebM VP9 com alpha. O loop é controlado pelo player/Foundry.
222,output-gif-all\examon.gif,output-webm-all\examon.webm,2,1152,1152,True,ok,Convertido para WebM VP9 com alpha. O loop é controlado pelo player/Foundry.
223,output-gif-all\exermon.gif,output-webm-all\exermon.webm,2,1152,1152,True,ok,Convertido para WebM VP9 com alpha. O loop é controlado pelo player/Foundry.
224,output-gif-all\fairimon.gif,output-webm-all\fairimon.webm,2,1152,1152,True,ok,Convertido para WebM VP9 com alpha. O loop é controlado pelo player/Foundry.
225,output-gif-all\falcomon-2006.gif,output-webm-all\falcomon-2006.webm,2,1152,1152,True,ok,Convertido para WebM VP9 com alpha. O loop é controlado pelo player/Foundry.
226,output-gif-all\fantomon.gif,output-webm-all\fantomon.webm,2,1152,1152,True,ok,Convertido para WebM VP9 com alpha. O loop é controlado pelo player/Foundry.
227,output-gif-all\fenriloogamon-takemikazuchi.gif,output-webm-all\fenriloogamon-takemikazuchi.webm,2,1152,1152,True,ok,Convertido para WebM VP9 com alpha. O loop é controlado pelo player/Foundry.
228,output-gif-all\fenriloogamon.gif,output-webm-all\fenriloogamon.webm,2,1152,1152,True,ok,Convertido para WebM VP9 com alpha. O loop é controlado pelo player/Foundry.
229,output-gif-all\filmon.gif,output-webm-all\filmon.webm,2,1152,1152,True,ok,Convertido para WebM VP9 com alpha. O loop é controlado pelo player/Foundry.
230,output-gif-all\firamon.gif,output-webm-all\firamon.webm,2,1152,1152,True,ok,Convertido para WebM VP9 com alpha. O loop é controlado pelo player/Foundry.
231,output-gif-all\fladramon.gif,output-webm-all\fladramon.webm,2,1152,1152,True,ok,Convertido para WebM VP9 com alpha. O loop é controlado pelo player/Foundry.
232,output-gif-all\flamon.gif,output-webm-all\flamon.webm,2,1152,1152,True,ok,Convertido para WebM VP9 com alpha. O loop é controlado pelo player/Foundry.
233,output-gif-all\flare-lizamon.gif,output-webm-all\flare-lizamon.webm,1,1152,1152,True,skipped,GIF estático: possui apenas 1 frame.
234,output-gif-all\flaremon.gif,output-webm-all\flaremon.webm,2,1152,1152,True,ok,Convertido para WebM VP9 com alpha. O loop é controlado pelo player/Foundry.
235,output-gif-all\floramon.gif,output-webm-all\floramon.webm,1,1152,1152,True,skipped,GIF estático: possui apenas 1 frame.
236,output-gif-all\flymon.gif,output-webm-all\flymon.webm,1,1152,1152,True,skipped,GIF estático: possui apenas 1 frame.
237,output-gif-all\frimon.gif,output-webm-all\frimon.webm,2,1152,1152,True,ok,Convertido para WebM VP9 com alpha. O loop é controlado pelo player/Foundry.
238,output-gif-all\fros-velgrmon.gif,output-webm-all\fros-velgrmon.webm,2,1152,1152,True,ok,Convertido para WebM VP9 com alpha. O loop é controlado pelo player/Foundry.
239,output-gif-all\frozomon.gif,output-webm-all\frozomon.webm,2,1152,1152,True,ok,Convertido para WebM VP9 com alpha. O loop é controlado pelo player/Foundry.
240,output-gif-all\fufumon.gif,output-webm-all\fufumon.webm,2,1152,1152,True,ok,Convertido para WebM VP9 com alpha. O loop é controlado pelo player/Foundry.
241,output-gif-all\fugamon.gif,output-webm-all\fugamon.webm,2,576,576,True,ok,Convertido para WebM VP9 com alpha. O loop é controlado pelo player/Foundry.
242,output-gif-all\fujamon.gif,output-webm-all\fujamon.webm,2,576,576,True,ok,Convertido para WebM VP9 com alpha. O loop é controlado pelo player/Foundry.
243,output-gif-all\fukamon.gif,output-webm-all\fukamon.webm,2,576,576,True,ok,Convertido para WebM VP9 com alpha. O loop é controlado pelo player/Foundry.
244,output-gif-all\fumamon.gif,output-webm-all\fumamon.webm,2,1152,1152,True,ok,Convertido para WebM VP9 com alpha. O loop é controlado pelo player/Foundry.
245,output-gif-all\funbeemon.gif,output-webm-all\funbeemon.webm,2,1152,1152,True,ok,Convertido para WebM VP9 com alpha. O loop é controlado pelo player/Foundry.
246,output-gif-all\fusamon.gif,output-webm-all\fusamon.webm,2,1152,1152,True,ok,Convertido para WebM VP9 com alpha. O loop é controlado pelo player/Foundry.
247,output-gif-all\gabumon-black.gif,output-webm-all\gabumon-black.webm,2,1152,1152,True,ok,Convertido para WebM VP9 com alpha. O loop é controlado pelo player/Foundry.
248,output-gif-all\gabumon.gif,output-webm-all\gabumon.webm,2,1152,1152,True,ok,Convertido para WebM VP9 com alpha. O loop é controlado pelo player/Foundry.
249,output-gif-all\gaioumon.gif,output-webm-all\gaioumon.webm,2,1152,1152,True,ok,Convertido para WebM VP9 com alpha. O loop é controlado pelo player/Foundry.
250,output-gif-all\galemon.gif,output-webm-all\galemon.webm,2,576,576,True,ok,Convertido para WebM VP9 com alpha. O loop é controlado pelo player/Foundry.
251,output-gif-all\galgomon.gif,output-webm-all\galgomon.webm,2,1152,1152,True,ok,Convertido para WebM VP9 com alpha. O loop é controlado pelo player/Foundry.
252,output-gif-all\gammamon.gif,output-webm-all\gammamon.webm,2,1152,1152,True,ok,Convertido para WebM VP9 com alpha. O loop é controlado pelo player/Foundry.
253,output-gif-all\ganimon.gif,output-webm-all\ganimon.webm,2,576,576,True,ok,Convertido para WebM VP9 com alpha. O loop é controlado pelo player/Foundry.
254,output-gif-all\gankoomon.gif,output-webm-all\gankoomon.webm,2,576,576,True,ok,Convertido para WebM VP9 com alpha. O loop é controlado pelo player/Foundry.
255,output-gif-all\gaogamon.gif,output-webm-all\gaogamon.webm,2,1152,1152,True,ok,Convertido para WebM VP9 com alpha. O loop é controlado pelo player/Foundry.
256,output-gif-all\gaomon.gif,output-webm-all\gaomon.webm,2,1152,1152,True,ok,Convertido para WebM VP9 com alpha. O loop é controlado pelo player/Foundry.
257,output-gif-all\gaossmon.gif,output-webm-all\gaossmon.webm,2,576,576,True,ok,Convertido para WebM VP9 com alpha. O loop é controlado pelo player/Foundry.
258,output-gif-all\garudamon.gif,output-webm-all\garudamon.webm,2,1152,1152,True,ok,Convertido para WebM VP9 com alpha. O loop é controlado pelo player/Foundry.
259,output-gif-all\garummon.gif,output-webm-all\garummon.webm,2,1152,1152,True,ok,Convertido para WebM VP9 com alpha. O loop é controlado pelo player/Foundry.
260,output-gif-all\garuru-metal.gif,output-webm-all\garuru-metal.webm,2,1152,1152,True,ok,Convertido para WebM VP9 com alpha. O loop é controlado pelo player/Foundry.
261,output-gif-all\garurumon-black.gif,output-webm-all\garurumon-black.webm,2,1152,1152,True,ok,Convertido para WebM VP9 com alpha. O loop é controlado pelo player/Foundry.
262,output-gif-all\garurumon.gif,output-webm-all\garurumon.webm,2,1152,1152,True,ok,Convertido para WebM VP9 com alpha. O loop é controlado pelo player/Foundry.
263,output-gif-all\gasamon.gif,output-webm-all\gasamon.webm,2,576,576,True,ok,Convertido para WebM VP9 com alpha. O loop é controlado pelo player/Foundry.
264,output-gif-all\gawappamon.gif,output-webm-all\gawappamon.webm,2,576,576,True,ok,Convertido para WebM VP9 com alpha. O loop é controlado pelo player/Foundry.
265,output-gif-all\gazimon.gif,output-webm-all\gazimon.webm,2,1152,1152,True,ok,Convertido para WebM VP9 com alpha. O loop é controlado pelo player/Foundry.
266,output-gif-all\gekomon.gif,output-webm-all\gekomon.webm,1,1152,1152,True,skipped,GIF estático: possui apenas 1 frame.
267,output-gif-all\geo-greymon.gif,output-webm-all\geo-greymon.webm,2,1152,1152,True,ok,Convertido para WebM VP9 com alpha. O loop é controlado pelo player/Foundry.
268,output-gif-all\gerbemon.gif,output-webm-all\gerbemon.webm,1,1152,1152,True,skipped,GIF estático: possui apenas 1 frame.
269,output-gif-all\gesomon.gif,output-webm-all\gesomon.webm,2,1152,1152,True,ok,Convertido para WebM VP9 com alpha. O loop é controlado pelo player/Foundry.
270,output-gif-all\ghilliedhumon.gif,output-webm-all\ghilliedhumon.webm,2,1152,1152,True,ok,Convertido para WebM VP9 com alpha. O loop é controlado pelo player/Foundry.
271,output-gif-all\ghostmon.gif,output-webm-all\ghostmon.webm,2,1152,1152,True,ok,Convertido para WebM VP9 com alpha. O loop é controlado pelo player/Foundry.
272,output-gif-all\giga-seadramon.gif,output-webm-all\giga-seadramon.webm,2,1152,1152,True,ok,Convertido para WebM VP9 com alpha. O loop é controlado pelo player/Foundry.
273,output-gif-all\gigadramon.gif,output-webm-all\gigadramon.webm,2,1152,1152,True,ok,Convertido para WebM VP9 com alpha. O loop é controlado pelo player/Foundry.
274,output-gif-all\gigasmon.gif,output-webm-all\gigasmon.webm,2,1152,1152,True,ok,Convertido para WebM VP9 com alpha. O loop é controlado pelo player/Foundry.
275,output-gif-all\gigimon.gif,output-webm-all\gigimon.webm,2,1152,1152,True,ok,Convertido para WebM VP9 com alpha. O loop é controlado pelo player/Foundry.
276,output-gif-all\ginkakumon.gif,output-webm-all\ginkakumon.webm,2,576,576,True,ok,Convertido para WebM VP9 com alpha. O loop é controlado pelo player/Foundry.
277,output-gif-all\ginryumon.gif,output-webm-all\ginryumon.webm,2,1152,1152,True,ok,Convertido para WebM VP9 com alpha. O loop é controlado pelo player/Foundry.
278,output-gif-all\giromon.gif,output-webm-all\giromon.webm,1,1152,1152,True,skipped,GIF estático: possui apenas 1 frame.
279,output-gif-all\gizamon.gif,output-webm-all\gizamon.webm,2,1152,1152,True,ok,Convertido para WebM VP9 com alpha. O loop é controlado pelo player/Foundry.
280,output-gif-all\gogmamon.gif,output-webm-all\gogmamon.webm,2,1152,1152,True,ok,Convertido para WebM VP9 com alpha. O loop é controlado pelo player/Foundry.
281,output-gif-all\gokimon.gif,output-webm-all\gokimon.webm,2,1152,1152,True,ok,Convertido para WebM VP9 com alpha. O loop é controlado pelo player/Foundry.
282,output-gif-all\gokumon.gif,output-webm-all\gokumon.webm,2,576,576,True,ok,Convertido para WebM VP9 com alpha. O loop é controlado pelo player/Foundry.
283,output-gif-all\gokuwmon.gif,output-webm-all\gokuwmon.webm,2,576,576,True,ok,Convertido para WebM VP9 com alpha. O loop é controlado pelo player/Foundry.
284,output-gif-all\gold-v-dramon.gif,output-webm-all\gold-v-dramon.webm,2,1152,1152,True,ok,Convertido para WebM VP9 com alpha. O loop é controlado pelo player/Foundry.
285,output-gif-all\golemon.gif,output-webm-all\golemon.webm,2,1152,1152,True,ok,Convertido para WebM VP9 com alpha. O loop é controlado pelo player/Foundry.
286,output-gif-all\gomamon.gif,output-webm-all\gomamon.webm,2,576,576,True,ok,Convertido para WebM VP9 com alpha. O loop é controlado pelo player/Foundry.
287,output-gif-all\gorimon.gif,output-webm-all\gorimon.webm,2,1152,1152,True,ok,Convertido para WebM VP9 com alpha. O loop é controlado pelo player/Foundry.
288,output-gif-all\goromon.gif,output-webm-all\goromon.webm,2,1152,1152,True,ok,Convertido para WebM VP9 com alpha. O loop é controlado pelo player/Foundry.
289,output-gif-all\gottsumon.gif,output-webm-all\gottsumon.webm,2,1152,1152,True,ok,Convertido para WebM VP9 com alpha. O loop é controlado pelo player/Foundry.
290,output-gif-all\grace-novamon.gif,output-webm-all\grace-novamon.webm,2,1152,1152,True,ok,Convertido para WebM VP9 com alpha. O loop é controlado pelo player/Foundry.
291,output-gif-all\grademon.gif,output-webm-all\grademon.webm,2,1152,1152,True,ok,Convertido para WebM VP9 com alpha. O loop é controlado pelo player/Foundry.
292,output-gif-all\gran-kuwagamon.gif,output-webm-all\gran-kuwagamon.webm,2,1152,1152,True,ok,Convertido para WebM VP9 com alpha. O loop é controlado pelo player/Foundry.
293,output-gif-all\grand-dracumon.gif,output-webm-all\grand-dracumon.webm,2,1152,1152,True,ok,Convertido para WebM VP9 com alpha. O loop é controlado pelo player/Foundry.
294,output-gif-all\grand-galemon.gif,output-webm-all\grand-galemon.webm,2,576,576,True,ok,Convertido para WebM VP9 com alpha. O loop é controlado pelo player/Foundry.
295,output-gif-all\grand-locomon.gif,output-webm-all\grand-locomon.webm,2,1152,1152,True,ok,Convertido para WebM VP9 com alpha. O loop é controlado pelo player/Foundry.
296,output-gif-all\grandis-kuwagamon.gif,output-webm-all\grandis-kuwagamon.webm,2,1152,1152,True,ok,Convertido para WebM VP9 com alpha. O loop é controlado pelo player/Foundry.
297,output-gif-all\grappu-leomon.gif,output-webm-all\grappu-leomon.webm,2,1152,1152,True,ok,Convertido para WebM VP9 com alpha. O loop é controlado pelo player/Foundry.
298,output-gif-all\grey-knightsmon.gif,output-webm-all\grey-knightsmon.webm,2,576,576,True,ok,Convertido para WebM VP9 com alpha. O loop é controlado pelo player/Foundry.
299,output-gif-all\grey-wars.gif,output-webm-all\grey-wars.webm,2,1152,1152,True,ok,Convertido para WebM VP9 com alpha. O loop é controlado pelo player/Foundry.
300,output-gif-all\greymon-2010.gif,output-webm-all\greymon-2010.webm,2,576,576,True,ok,Convertido para WebM VP9 com alpha. O loop é controlado pelo player/Foundry.
301,output-gif-all\greymon-blue.gif,output-webm-all\greymon-blue.webm,2,1152,1152,True,ok,Convertido para WebM VP9 com alpha. O loop é controlado pelo player/Foundry.
302,output-gif-all\greymon-colosseum.gif,output-webm-all\greymon-colosseum.webm,1,1152,1152,True,skipped,GIF estático: possui apenas 1 frame.
303,output-gif-all\greymon.gif,output-webm-all\greymon.webm,2,1152,1152,True,ok,Convertido para WebM VP9 com alpha. O loop é controlado pelo player/Foundry.
304,output-gif-all\griffomon.gif,output-webm-all\griffomon.webm,2,1152,1152,True,ok,Convertido para WebM VP9 com alpha. O loop é controlado pelo player/Foundry.
305,output-gif-all\grottemon.gif,output-webm-all\grottemon.webm,2,1152,1152,True,ok,Convertido para WebM VP9 com alpha. O loop é controlado pelo player/Foundry.
306,output-gif-all\groundramon.gif,output-webm-all\groundramon.webm,2,1152,1152,True,ok,Convertido para WebM VP9 com alpha. O loop é controlado pelo player/Foundry.
307,output-gif-all\growmon-orange.gif,output-webm-all\growmon-orange.webm,2,1152,1152,True,ok,Convertido para WebM VP9 com alpha. O loop é controlado pelo player/Foundry.
308,output-gif-all\growmon.gif,output-webm-all\growmon.webm,2,1152,1152,True,ok,Convertido para WebM VP9 com alpha. O loop é controlado pelo player/Foundry.
309,output-gif-all\gryzmon.gif,output-webm-all\gryzmon.webm,2,1152,1152,True,ok,Convertido para WebM VP9 com alpha. O loop é controlado pelo player/Foundry.
310,output-gif-all\guardromon.gif,output-webm-all\guardromon.webm,1,1152,1152,True,skipped,GIF estático: possui apenas 1 frame.
311,output-gif-all\guilmon.gif,output-webm-all\guilmon.webm,2,1152,1152,True,ok,Convertido para WebM VP9 com alpha. O loop é controlado pelo player/Foundry.
312,output-gif-all\gulus-gammamon.gif,output-webm-all\gulus-gammamon.webm,2,1152,1152,True,ok,Convertido para WebM VP9 com alpha. O loop é controlado pelo player/Foundry.
313,output-gif-all\gumdramon.gif,output-webm-all\gumdramon.webm,2,1152,1152,True,ok,Convertido para WebM VP9 com alpha. O loop é controlado pelo player/Foundry.
314,output-gif-all\gummymon.gif,output-webm-all\gummymon.webm,2,1152,1152,True,ok,Convertido para WebM VP9 com alpha. O loop é controlado pelo player/Foundry.
315,output-gif-all\gundramon.gif,output-webm-all\gundramon.webm,2,1152,1152,True,ok,Convertido para WebM VP9 com alpha. O loop é controlado pelo player/Foundry.
316,output-gif-all\gurimon.gif,output-webm-all\gurimon.webm,2,1152,1152,True,ok,Convertido para WebM VP9 com alpha. O loop é controlado pelo player/Foundry.
317,output-gif-all\gusokumon.gif,output-webm-all\gusokumon.webm,2,1152,1152,True,ok,Convertido para WebM VP9 com alpha. O loop é controlado pelo player/Foundry.
318,output-gif-all\gyukimon.gif,output-webm-all\gyukimon.webm,2,1152,1152,True,ok,Convertido para WebM VP9 com alpha. O loop é controlado pelo player/Foundry.
319,output-gif-all\hackmon.gif,output-webm-all\hackmon.webm,2,1152,1152,True,ok,Convertido para WebM VP9 com alpha. O loop é controlado pelo player/Foundry.
320,output-gif-all\hagurumon.gif,output-webm-all\hagurumon.webm,2,1152,1152,True,ok,Convertido para WebM VP9 com alpha. O loop é controlado pelo player/Foundry.
321,output-gif-all\hakubamon.gif,output-webm-all\hakubamon.webm,2,576,576,True,ok,Convertido para WebM VP9 com alpha. O loop é controlado pelo player/Foundry.
322,output-gif-all\hangyomon.gif,output-webm-all\hangyomon.webm,2,1152,1152,True,ok,Convertido para WebM VP9 com alpha. O loop é controlado pelo player/Foundry.
323,output-gif-all\hanimon.gif,output-webm-all\hanimon.webm,2,576,576,True,ok,Convertido para WebM VP9 com alpha. O loop é controlado pelo player/Foundry.
324,output-gif-all\hanumon.gif,output-webm-all\hanumon.webm,1,1152,1152,True,skipped,GIF estático: possui apenas 1 frame.
325,output-gif-all\harpymon.gif,output-webm-all\harpymon.webm,2,1152,1152,True,ok,Convertido para WebM VP9 com alpha. O loop é controlado pelo player/Foundry.
326,output-gif-all\hawkmon.gif,output-webm-all\hawkmon.webm,2,1152,1152,True,ok,Convertido para WebM VP9 com alpha. O loop é controlado pelo player/Foundry.
327,output-gif-all\heavy-leomon.gif,output-webm-all\heavy-leomon.webm,2,1152,1152,True,ok,Convertido para WebM VP9 com alpha. O loop é controlado pelo player/Foundry.
328,output-gif-all\helloogarmon.gif,output-webm-all\helloogarmon.webm,2,1152,1152,True,ok,Convertido para WebM VP9 com alpha. O loop é controlado pelo player/Foundry.
329,output-gif-all\herakle-kabuterimon.gif,output-webm-all\herakle-kabuterimon.webm,2,1152,1152,True,ok,Convertido para WebM VP9 com alpha. O loop é controlado pelo player/Foundry.
330,output-gif-all\herissmon.gif,output-webm-all\herissmon.webm,2,1152,1152,True,ok,Convertido para WebM VP9 com alpha. O loop é controlado pelo player/Foundry.
331,output-gif-all\hexeblaumon.gif,output-webm-all\hexeblaumon.webm,2,1152,1152,True,ok,Convertido para WebM VP9 com alpha. O loop é controlado pelo player/Foundry.
332,output-gif-all\hi-andromon.gif,output-webm-all\hi-andromon.webm,2,1152,1152,True,ok,Convertido para WebM VP9 com alpha. O loop é controlado pelo player/Foundry.
333,output-gif-all\hi-commandramon.gif,output-webm-all\hi-commandramon.webm,2,1152,1152,True,ok,Convertido para WebM VP9 com alpha. O loop é controlado pelo player/Foundry.
334,output-gif-all\hippogriffomon.gif,output-webm-all\hippogriffomon.webm,2,1152,1152,True,ok,Convertido para WebM VP9 com alpha. O loop é controlado pelo player/Foundry.
335,output-gif-all\hisyaryumon.gif,output-webm-all\hisyaryumon.webm,2,1152,1152,True,ok,Convertido para WebM VP9 com alpha. O loop é controlado pelo player/Foundry.
336,output-gif-all\hiyarimon.gif,output-webm-all\hiyarimon.webm,2,1152,1152,True,ok,Convertido para WebM VP9 com alpha. O loop é controlado pelo player/Foundry.
337,output-gif-all\holsmon.gif,output-webm-all\holsmon.webm,2,1152,1152,True,ok,Convertido para WebM VP9 com alpha. O loop é controlado pelo player/Foundry.
338,output-gif-all\holy-angemon.gif,output-webm-all\holy-angemon.webm,2,1152,1152,True,ok,Convertido para WebM VP9 com alpha. O loop é controlado pelo player/Foundry.
339,output-gif-all\holydramon.gif,output-webm-all\holydramon.webm,2,1152,1152,True,ok,Convertido para WebM VP9 com alpha. O loop é controlado pelo player/Foundry.
340,output-gif-all\hopmon.gif,output-webm-all\hopmon.webm,2,1152,1152,True,ok,Convertido para WebM VP9 com alpha. O loop é controlado pelo player/Foundry.
341,output-gif-all\hououmon.gif,output-webm-all\hououmon.webm,2,1152,1152,True,ok,Convertido para WebM VP9 com alpha. O loop é controlado pelo player/Foundry.
342,output-gif-all\hover-espimon.gif,output-webm-all\hover-espimon.webm,2,1152,1152,True,ok,Convertido para WebM VP9 com alpha. O loop é controlado pelo player/Foundry.
343,output-gif-all\huankunmon.gif,output-webm-all\huankunmon.webm,2,1152,1152,True,ok,Convertido para WebM VP9 com alpha. O loop é controlado pelo player/Foundry.
344,output-gif-all\hudiemon.gif,output-webm-all\hudiemon.webm,2,1152,1152,True,ok,Convertido para WebM VP9 com alpha. O loop é controlado pelo player/Foundry.
345,output-gif-all\hydramon.gif,output-webm-all\hydramon.webm,2,1152,1152,True,ok,Convertido para WebM VP9 com alpha. O loop é controlado pelo player/Foundry.
346,output-gif-all\hyougamon.gif,output-webm-all\hyougamon.webm,2,1152,1152,True,ok,Convertido para WebM VP9 com alpha. O loop é controlado pelo player/Foundry.
347,output-gif-all\ice-devimon.gif,output-webm-all\ice-devimon.webm,2,1152,1152,True,ok,Convertido para WebM VP9 com alpha. O loop é controlado pelo player/Foundry.
348,output-gif-all\icemon.gif,output-webm-all\icemon.webm,2,1152,1152,True,ok,Convertido para WebM VP9 com alpha. O loop é controlado pelo player/Foundry.
349,output-gif-all\igamon.gif,output-webm-all\igamon.webm,1,1152,1152,True,skipped,GIF estático: possui apenas 1 frame.
350,output-gif-all\ikkakumon.gif,output-webm-all\ikkakumon.webm,2,1152,1152,True,ok,Convertido para WebM VP9 com alpha. O loop é controlado pelo player/Foundry.
351,output-gif-all\imperialdramon-dragon-mode.gif,output-webm-all\imperialdramon-dragon-mode.webm,2,1152,1152,True,ok,Convertido para WebM VP9 com alpha. O loop é controlado pelo player/Foundry.
352,output-gif-all\imperialdramon-fighter-mode.gif,output-webm-all\imperialdramon-fighter-mode.webm,2,1152,1152,True,ok,Convertido para WebM VP9 com alpha. O loop é controlado pelo player/Foundry.
353,output-gif-all\imperialdramon-paladin-mode.gif,output-webm-all\imperialdramon-paladin-mode.webm,2,1152,1152,True,ok,Convertido para WebM VP9 com alpha. O loop é controlado pelo player/Foundry.
354,output-gif-all\impmon.gif,output-webm-all\impmon.webm,2,1152,1152,True,ok,Convertido para WebM VP9 com alpha. O loop é controlado pelo player/Foundry.
355,output-gif-all\indaramon.gif,output-webm-all\indaramon.webm,2,1152,1152,True,ok,Convertido para WebM VP9 com alpha. O loop é controlado pelo player/Foundry.
356,output-gif-all\infermon.gif,output-webm-all\infermon.webm,1,1152,1152,True,skipped,GIF estático: possui apenas 1 frame.
357,output-gif-all\iori-hida.gif,output-webm-all\iori-hida.webm,2,1152,1152,True,ok,Convertido para WebM VP9 com alpha. O loop é controlado pelo player/Foundry.
358,output-gif-all\jaeger-dorulumon.gif,output-webm-all\jaeger-dorulumon.webm,2,1152,1152,True,ok,Convertido para WebM VP9 com alpha. O loop é controlado pelo player/Foundry.
359,output-gif-all\jazamon.gif,output-webm-all\jazamon.webm,2,1152,1152,True,ok,Convertido para WebM VP9 com alpha. O loop é controlado pelo player/Foundry.
360,output-gif-all\jazarichmon.gif,output-webm-all\jazarichmon.webm,2,1152,1152,True,ok,Convertido para WebM VP9 com alpha. O loop é controlado pelo player/Foundry.
361,output-gif-all\jellymon.gif,output-webm-all\jellymon.webm,2,1152,1152,True,ok,Convertido para WebM VP9 com alpha. O loop é controlado pelo player/Foundry.
362,output-gif-all\jesmon.gif,output-webm-all\jesmon.webm,2,1152,1152,True,ok,Convertido para WebM VP9 com alpha. O loop é controlado pelo player/Foundry.
363,output-gif-all\jet-silphymon.gif,output-webm-all\jet-silphymon.webm,2,1152,1152,True,ok,Convertido para WebM VP9 com alpha. O loop é controlado pelo player/Foundry.
364,output-gif-all\jewelbeemon.gif,output-webm-all\jewelbeemon.webm,2,1152,1152,True,ok,Convertido para WebM VP9 com alpha. O loop é controlado pelo player/Foundry.
365,output-gif-all\joe-kido.gif,output-webm-all\joe-kido.webm,2,1152,1152,True,ok,Convertido para WebM VP9 com alpha. O loop é controlado pelo player/Foundry.
366,output-gif-all\jokermon.gif,output-webm-all\jokermon.webm,2,1152,1152,True,ok,Convertido para WebM VP9 com alpha. O loop é controlado pelo player/Foundry.
367,output-gif-all\jougamon.gif,output-webm-all\jougamon.webm,2,576,576,True,ok,Convertido para WebM VP9 com alpha. O loop é controlado pelo player/Foundry.
368,output-gif-all\jumbo-gamemon.gif,output-webm-all\jumbo-gamemon.webm,2,576,576,True,ok,Convertido para WebM VP9 com alpha. O loop é controlado pelo player/Foundry.
369,output-gif-all\justimon-accel-arm.gif,output-webm-all\justimon-accel-arm.webm,2,1152,1152,True,ok,Convertido para WebM VP9 com alpha. O loop é controlado pelo player/Foundry.
370,output-gif-all\justimon-blitz-arm.gif,output-webm-all\justimon-blitz-arm.webm,2,1152,1152,True,ok,Convertido para WebM VP9 com alpha. O loop é controlado pelo player/Foundry.
371,output-gif-all\justimon-critical-arm.gif,output-webm-all\justimon-critical-arm.webm,2,1152,1152,True,ok,Convertido para WebM VP9 com alpha. O loop é controlado pelo player/Foundry.
372,output-gif-all\jyagamon.gif,output-webm-all\jyagamon.webm,2,1152,1152,True,ok,Convertido para WebM VP9 com alpha. O loop é controlado pelo player/Foundry.
373,output-gif-all\jyarimon.gif,output-webm-all\jyarimon.webm,2,1152,1152,True,ok,Convertido para WebM VP9 com alpha. O loop é controlado pelo player/Foundry.
374,output-gif-all\jyureimon.gif,output-webm-all\jyureimon.webm,1,1152,1152,True,skipped,GIF estático: possui apenas 1 frame.
375,output-gif-all\kabuterimon.gif,output-webm-all\kabuterimon.webm,2,1152,1152,True,ok,Convertido para WebM VP9 com alpha. O loop é controlado pelo player/Foundry.
376,output-gif-all\kaguyamon.gif,output-webm-all\kaguyamon.webm,2,576,576,True,ok,Convertido para WebM VP9 com alpha. O loop é controlado pelo player/Foundry.
377,output-gif-all\kaiser-greymon.gif,output-webm-all\kaiser-greymon.webm,2,1152,1152,True,ok,Convertido para WebM VP9 com alpha. O loop é controlado pelo player/Foundry.
378,output-gif-all\kaiser-leomon.gif,output-webm-all\kaiser-leomon.webm,2,1152,1152,True,ok,Convertido para WebM VP9 com alpha. O loop é controlado pelo player/Foundry.
379,output-gif-all\kakamon.gif,output-webm-all\kakamon.webm,2,576,576,True,ok,Convertido para WebM VP9 com alpha. O loop é controlado pelo player/Foundry.
380,output-gif-all\kakkinmon.gif,output-webm-all\kakkinmon.webm,2,1152,1152,True,ok,Convertido para WebM VP9 com alpha. O loop é controlado pelo player/Foundry.
381,output-gif-all\kamemon.gif,output-webm-all\kamemon.webm,2,576,576,True,ok,Convertido para WebM VP9 com alpha. O loop é controlado pelo player/Foundry.
382,output-gif-all\karakurumon.gif,output-webm-all\karakurumon.webm,2,576,576,True,ok,Convertido para WebM VP9 com alpha. O loop é controlado pelo player/Foundry.
383,output-gif-all\karatenmon.gif,output-webm-all\karatenmon.webm,2,576,576,True,ok,Convertido para WebM VP9 com alpha. O loop é controlado pelo player/Foundry.
384,output-gif-all\karatsuki-numemon.gif,output-webm-all\karatsuki-numemon.webm,2,1152,1152,True,ok,Convertido para WebM VP9 com alpha. O loop é controlado pelo player/Foundry.
385,output-gif-all\kaus-gammamon.gif,output-webm-all\kaus-gammamon.webm,2,1152,1152,True,ok,Convertido para WebM VP9 com alpha. O loop é controlado pelo player/Foundry.
386,output-gif-all\kazuchimon.gif,output-webm-all\kazuchimon.webm,2,1152,1152,True,ok,Convertido para WebM VP9 com alpha. O loop é controlado pelo player/Foundry.
387,output-gif-all\keramon.gif,output-webm-all\keramon.webm,1,1152,1152,True,skipped,GIF estático: possui apenas 1 frame.
388,output-gif-all\ketomon.gif,output-webm-all\ketomon.webm,2,1152,1152,True,ok,Convertido para WebM VP9 com alpha. O loop é controlado pelo player/Foundry.
389,output-gif-all\kiimon.gif,output-webm-all\kiimon.webm,2,1152,1152,True,ok,Convertido para WebM VP9 com alpha. O loop é controlado pelo player/Foundry.
390,output-gif-all\king-etemon.gif,output-webm-all\king-etemon.webm,2,1152,1152,True,ok,Convertido para WebM VP9 com alpha. O loop é controlado pelo player/Foundry.
391,output-gif-all\kinkakumon.gif,output-webm-all\kinkakumon.webm,2,1152,1152,True,ok,Convertido para WebM VP9 com alpha. O loop é controlado pelo player/Foundry.
392,output-gif-all\kiwimon.gif,output-webm-all\kiwimon.webm,1,1152,1152,True,skipped,GIF estático: possui apenas 1 frame.
393,output-gif-all\knightmon.gif,output-webm-all\knightmon.webm,1,1152,1152,True,skipped,GIF estático: possui apenas 1 frame.
394,output-gif-all\kodokugumon.gif,output-webm-all\kodokugumon.webm,2,1152,1152,True,ok,Convertido para WebM VP9 com alpha. O loop é controlado pelo player/Foundry.
395,output-gif-all\koemon.gif,output-webm-all\koemon.webm,2,1152,1152,True,ok,Convertido para WebM VP9 com alpha. O loop é controlado pelo player/Foundry.
396,output-gif-all\kokabuterimon.gif,output-webm-all\kokabuterimon.webm,2,1152,1152,True,ok,Convertido para WebM VP9 com alpha. O loop é controlado pelo player/Foundry.
397,output-gif-all\kokeshimon.gif,output-webm-all\kokeshimon.webm,2,576,576,True,ok,Convertido para WebM VP9 com alpha. O loop é controlado pelo player/Foundry.
398,output-gif-all\kokuwamon.gif,output-webm-all\kokuwamon.webm,2,1152,1152,True,ok,Convertido para WebM VP9 com alpha. O loop é controlado pelo player/Foundry.
399,output-gif-all\komondomon.gif,output-webm-all\komondomon.webm,2,1152,1152,True,ok,Convertido para WebM VP9 com alpha. O loop é controlado pelo player/Foundry.
400,output-gif-all\kongoumon.gif,output-webm-all\kongoumon.webm,2,1152,1152,True,ok,Convertido para WebM VP9 com alpha. O loop é controlado pelo player/Foundry.
401,output-gif-all\koromon.gif,output-webm-all\koromon.webm,2,1152,1152,True,ok,Convertido para WebM VP9 com alpha. O loop é controlado pelo player/Foundry.
402,output-gif-all\kudamon.gif,output-webm-all\kudamon.webm,2,1152,1152,True,ok,Convertido para WebM VP9 com alpha. O loop é controlado pelo player/Foundry.
403,output-gif-all\kumbhiramon.gif,output-webm-all\kumbhiramon.webm,2,1152,1152,True,ok,Convertido para WebM VP9 com alpha. O loop é controlado pelo player/Foundry.
404,output-gif-all\kunemon.gif,output-webm-all\kunemon.webm,1,1152,1152,True,skipped,GIF estático: possui apenas 1 frame.
405,output-gif-all\kuramon.gif,output-webm-all\kuramon.webm,1,1152,1152,True,skipped,GIF estático: possui apenas 1 frame.
406,output-gif-all\kuwagamon.gif,output-webm-all\kuwagamon.webm,1,1152,1152,True,skipped,GIF estático: possui apenas 1 frame.
407,output-gif-all\kuzuhamon-miko-mode.gif,output-webm-all\kuzuhamon-miko-mode.webm,2,1152,1152,True,ok,Convertido para WebM VP9 com alpha. O loop é controlado pelo player/Foundry.
408,output-gif-all\kuzuhamon.gif,output-webm-all\kuzuhamon.webm,2,1152,1152,True,ok,Convertido para WebM VP9 com alpha. O loop é controlado pelo player/Foundry.
409,output-gif-all\kyokyomon.gif,output-webm-all\kyokyomon.webm,2,1152,1152,True,ok,Convertido para WebM VP9 com alpha. O loop é controlado pelo player/Foundry.
410,output-gif-all\kyubimon.gif,output-webm-all\kyubimon.webm,2,1152,1152,True,ok,Convertido para WebM VP9 com alpha. O loop é controlado pelo player/Foundry.
411,output-gif-all\kyukimon.gif,output-webm-all\kyukimon.webm,2,1152,1152,True,ok,Convertido para WebM VP9 com alpha. O loop é controlado pelo player/Foundry.
412,output-gif-all\lady-devimon.gif,output-webm-all\lady-devimon.webm,1,1152,1152,True,skipped,GIF estático: possui apenas 1 frame.
413,output-gif-all\lalamon.gif,output-webm-all\lalamon.webm,2,1152,1152,True,ok,Convertido para WebM VP9 com alpha. O loop é controlado pelo player/Foundry.
414,output-gif-all\lamortmon.gif,output-webm-all\lamortmon.webm,2,1152,1152,True,ok,Convertido para WebM VP9 com alpha. O loop é controlado pelo player/Foundry.
415,output-gif-all\lavogaritamon.gif,output-webm-all\lavogaritamon.webm,2,1152,1152,True,ok,Convertido para WebM VP9 com alpha. O loop é controlado pelo player/Foundry.
416,output-gif-all\lavorvomon.gif,output-webm-all\lavorvomon.webm,2,1152,1152,True,ok,Convertido para WebM VP9 com alpha. O loop é controlado pelo player/Foundry.
417,output-gif-all\leafmon.gif,output-webm-all\leafmon.webm,2,1152,1152,True,ok,Convertido para WebM VP9 com alpha. O loop é controlado pelo player/Foundry.
418,output-gif-all\lekismon.gif,output-webm-all\lekismon.webm,2,1152,1152,True,ok,Convertido para WebM VP9 com alpha. O loop é controlado pelo player/Foundry.
419,output-gif-all\leomon.gif,output-webm-all\leomon.webm,2,1152,1152,True,ok,Convertido para WebM VP9 com alpha. O loop é controlado pelo player/Foundry.
420,output-gif-all\liamon.gif,output-webm-all\liamon.webm,2,1152,1152,True,ok,Convertido para WebM VP9 com alpha. O loop é controlado pelo player/Foundry.
421,output-gif-all\lianpumon.gif,output-webm-all\lianpumon.webm,2,576,576,True,ok,Convertido para WebM VP9 com alpha. O loop é controlado pelo player/Foundry.
422,output-gif-all\lighdramon.gif,output-webm-all\lighdramon.webm,2,1152,1152,True,ok,Convertido para WebM VP9 com alpha. O loop é controlado pelo player/Foundry.
423,output-gif-all\lilamon.gif,output-webm-all\lilamon.webm,2,1152,1152,True,ok,Convertido para WebM VP9 com alpha. O loop é controlado pelo player/Foundry.
424,output-gif-all\lilimon.gif,output-webm-all\lilimon.webm,2,1152,1152,True,ok,Convertido para WebM VP9 com alpha. O loop é controlado pelo player/Foundry.
425,output-gif-all\liollmon.gif,output-webm-all\liollmon.webm,2,1152,1152,True,ok,Convertido para WebM VP9 com alpha. O loop é controlado pelo player/Foundry.
426,output-gif-all\loader-leomon.gif,output-webm-all\loader-leomon.webm,2,1152,1152,True,ok,Convertido para WebM VP9 com alpha. O loop é controlado pelo player/Foundry.
427,output-gif-all\locomon.gif,output-webm-all\locomon.webm,2,1152,1152,True,ok,Convertido para WebM VP9 com alpha. O loop é controlado pelo player/Foundry.
428,output-gif-all\loogamon.gif,output-webm-all\loogamon.webm,2,1152,1152,True,ok,Convertido para WebM VP9 com alpha. O loop é controlado pelo player/Foundry.
429,output-gif-all\loogarmon.gif,output-webm-all\loogarmon.webm,2,1152,1152,True,ok,Convertido para WebM VP9 com alpha. O loop é controlado pelo player/Foundry.
430,output-gif-all\lord-knightmon.gif,output-webm-all\lord-knightmon.webm,2,1152,1152,True,ok,Convertido para WebM VP9 com alpha. O loop é controlado pelo player/Foundry.
431,output-gif-all\lotusmon.gif,output-webm-all\lotusmon.webm,2,1152,1152,True,ok,Convertido para WebM VP9 com alpha. O loop é controlado pelo player/Foundry.
432,output-gif-all\louwemon.gif,output-webm-all\louwemon.webm,2,1152,1152,True,ok,Convertido para WebM VP9 com alpha. O loop é controlado pelo player/Foundry.
433,output-gif-all\lucemon-falldown-mode.gif,output-webm-all\lucemon-falldown-mode.webm,2,1152,1152,True,ok,Convertido para WebM VP9 com alpha. O loop é controlado pelo player/Foundry.
434,output-gif-all\ludomon.gif,output-webm-all\ludomon.webm,2,1152,1152,True,ok,Convertido para WebM VP9 com alpha. O loop é controlado pelo player/Foundry.
435,output-gif-all\lunamon.gif,output-webm-all\lunamon.webm,2,1152,1152,True,ok,Convertido para WebM VP9 com alpha. O loop é controlado pelo player/Foundry.
436,output-gif-all\luxmon.gif,output-webm-all\luxmon.webm,2,1152,1152,True,ok,Convertido para WebM VP9 com alpha. O loop é controlado pelo player/Foundry.
437,output-gif-all\lynxmon.gif,output-webm-all\lynxmon.webm,2,1152,1152,True,ok,Convertido para WebM VP9 com alpha. O loop é controlado pelo player/Foundry.
438,output-gif-all\mach-gaogamon.gif,output-webm-all\mach-gaogamon.webm,2,1152,1152,True,ok,Convertido para WebM VP9 com alpha. O loop é controlado pelo player/Foundry.
439,output-gif-all\machmon.gif,output-webm-all\machmon.webm,2,1152,1152,True,ok,Convertido para WebM VP9 com alpha. O loop é controlado pelo player/Foundry.
440,output-gif-all\mad-leomon.gif,output-webm-all\mad-leomon.webm,2,1152,1152,True,ok,Convertido para WebM VP9 com alpha. O loop é controlado pelo player/Foundry.
441,output-gif-all\magna-garurumon.gif,output-webm-all\magna-garurumon.webm,2,1152,1152,True,ok,Convertido para WebM VP9 com alpha. O loop é controlado pelo player/Foundry.
442,output-gif-all\magna-kidmon.gif,output-webm-all\magna-kidmon.webm,2,1152,1152,True,ok,Convertido para WebM VP9 com alpha. O loop é controlado pelo player/Foundry.
443,output-gif-all\magnamon.gif,output-webm-all\magnamon.webm,2,1152,1152,True,ok,Convertido para WebM VP9 com alpha. O loop é controlado pelo player/Foundry.
444,output-gif-all\mail-birdramon.gif,output-webm-all\mail-birdramon.webm,2,1152,1152,True,ok,Convertido para WebM VP9 com alpha. O loop é controlado pelo player/Foundry.
445,output-gif-all\majiramon.gif,output-webm-all\majiramon.webm,2,1152,1152,True,ok,Convertido para WebM VP9 com alpha. O loop é controlado pelo player/Foundry.
446,output-gif-all\makuramon.gif,output-webm-all\makuramon.webm,2,1152,1152,True,ok,Convertido para WebM VP9 com alpha. O loop é controlado pelo player/Foundry.
447,output-gif-all\mamemon.gif,output-webm-all\mamemon.webm,2,1152,1152,True,ok,Convertido para WebM VP9 com alpha. O loop é controlado pelo player/Foundry.
448,output-gif-all\mametyramon.gif,output-webm-all\mametyramon.webm,2,1152,1152,True,ok,Convertido para WebM VP9 com alpha. O loop é controlado pelo player/Foundry.
449,output-gif-all\mammon.gif,output-webm-all\mammon.webm,2,1152,1152,True,ok,Convertido para WebM VP9 com alpha. O loop é controlado pelo player/Foundry.
450,output-gif-all\manbomon.gif,output-webm-all\manbomon.webm,2,1152,1152,True,ok,Convertido para WebM VP9 com alpha. O loop é controlado pelo player/Foundry.
451,output-gif-all\manekimon.gif,output-webm-all\manekimon.webm,2,576,576,True,ok,Convertido para WebM VP9 com alpha. O loop é controlado pelo player/Foundry.
452,output-gif-all\manticoremon.gif,output-webm-all\manticoremon.webm,2,1152,1152,True,ok,Convertido para WebM VP9 com alpha. O loop é controlado pelo player/Foundry.
453,output-gif-all\marin-angemon.gif,output-webm-all\marin-angemon.webm,2,1152,1152,True,ok,Convertido para WebM VP9 com alpha. O loop é controlado pelo player/Foundry.
454,output-gif-all\marin-bullmon.gif,output-webm-all\marin-bullmon.webm,2,576,576,True,ok,Convertido para WebM VP9 com alpha. O loop é controlado pelo player/Foundry.
455,output-gif-all\marin-chimairamon.gif,output-webm-all\marin-chimairamon.webm,2,1152,1152,True,ok,Convertido para WebM VP9 com alpha. O loop é controlado pelo player/Foundry.
456,output-gif-all\marin-devimon.gif,output-webm-all\marin-devimon.webm,2,1152,1152,True,ok,Convertido para WebM VP9 com alpha. O loop é controlado pelo player/Foundry.
457,output-gif-all\marsmon.gif,output-webm-all\marsmon.webm,2,1152,1152,True,ok,Convertido para WebM VP9 com alpha. O loop é controlado pelo player/Foundry.
458,output-gif-all\mastemon.gif,output-webm-all\mastemon.webm,2,576,576,True,ok,Convertido para WebM VP9 com alpha. O loop é controlado pelo player/Foundry.
459,output-gif-all\master-tyranomon.gif,output-webm-all\master-tyranomon.webm,2,1152,1152,True,ok,Convertido para WebM VP9 com alpha. O loop é controlado pelo player/Foundry.
460,output-gif-all\matadrmon.gif,output-webm-all\matadrmon.webm,2,1152,1152,True,ok,Convertido para WebM VP9 com alpha. O loop é controlado pelo player/Foundry.
461,output-gif-all\mechanorimon.gif,output-webm-all\mechanorimon.webm,1,1152,1152,True,skipped,GIF estático: possui apenas 1 frame.
462,output-gif-all\medieval-dukemon.gif,output-webm-all\medieval-dukemon.webm,2,1152,1152,True,ok,Convertido para WebM VP9 com alpha. O loop é controlado pelo player/Foundry.
463,output-gif-all\mega-seadramon.gif,output-webm-all\mega-seadramon.webm,2,1152,1152,True,ok,Convertido para WebM VP9 com alpha. O loop é controlado pelo player/Foundry.
464,output-gif-all\megadramon.gif,output-webm-all\megadramon.webm,1,1152,1152,True,skipped,GIF estático: possui apenas 1 frame.
465,output-gif-all\megalo-growmon-orange.gif,output-webm-all\megalo-growmon-orange.webm,2,1152,1152,True,ok,Convertido para WebM VP9 com alpha. O loop é controlado pelo player/Foundry.
466,output-gif-all\megalo-growmon.gif,output-webm-all\megalo-growmon.webm,2,1152,1152,True,ok,Convertido para WebM VP9 com alpha. O loop é controlado pelo player/Foundry.
467,output-gif-all\megidramon.gif,output-webm-all\megidramon.webm,2,1152,1152,True,ok,Convertido para WebM VP9 com alpha. O loop é controlado pelo player/Foundry.
468,output-gif-all\mephismon.gif,output-webm-all\mephismon.webm,2,1152,1152,True,ok,Convertido para WebM VP9 com alpha. O loop é controlado pelo player/Foundry.
469,output-gif-all\meramon.gif,output-webm-all\meramon.webm,2,1152,1152,True,ok,Convertido para WebM VP9 com alpha. O loop é controlado pelo player/Foundry.
470,output-gif-all\mercuremon.gif,output-webm-all\mercuremon.webm,2,1152,1152,True,ok,Convertido para WebM VP9 com alpha. O loop é controlado pelo player/Foundry.
471,output-gif-all\mercurymon.gif,output-webm-all\mercurymon.webm,2,1152,1152,True,ok,Convertido para WebM VP9 com alpha. O loop é controlado pelo player/Foundry.
472,output-gif-all\mermaimon.gif,output-webm-all\mermaimon.webm,2,1152,1152,True,ok,Convertido para WebM VP9 com alpha. O loop é controlado pelo player/Foundry.
473,output-gif-all\metabee-head-and-arm.gif,output-webm-all\metabee-head-and-arm.webm,2,1152,1152,True,ok,Convertido para WebM VP9 com alpha. O loop é controlado pelo player/Foundry.
474,output-gif-all\metabee.gif,output-webm-all\metabee.webm,2,1152,1152,True,ok,Convertido para WebM VP9 com alpha. O loop é controlado pelo player/Foundry.
475,output-gif-all\metal-etemon.gif,output-webm-all\metal-etemon.webm,2,1152,1152,True,ok,Convertido para WebM VP9 com alpha. O loop é controlado pelo player/Foundry.
476,output-gif-all\metal-garurumon-black.gif,output-webm-all\metal-garurumon-black.webm,2,1152,1152,True,ok,Convertido para WebM VP9 com alpha. O loop é controlado pelo player/Foundry.
477,output-gif-all\metal-garurumon.gif,output-webm-all\metal-garurumon.webm,2,1152,1152,True,ok,Convertido para WebM VP9 com alpha. O loop é controlado pelo player/Foundry.
478,output-gif-all\metal-greymon-2010.gif,output-webm-all\metal-greymon-2010.webm,2,1152,1152,True,ok,Convertido para WebM VP9 com alpha. O loop é controlado pelo player/Foundry.
479,output-gif-all\metal-greymon-alterous-mode.gif,output-webm-all\metal-greymon-alterous-mode.webm,2,1152,1152,True,ok,Convertido para WebM VP9 com alpha. O loop é controlado pelo player/Foundry.
480,output-gif-all\metal-greymon-vaccine.gif,output-webm-all\metal-greymon-vaccine.webm,2,1152,1152,True,ok,Convertido para WebM VP9 com alpha. O loop é controlado pelo player/Foundry.
481,output-gif-all\metal-greymon-virus.gif,output-webm-all\metal-greymon-virus.webm,2,1152,1152,True,ok,Convertido para WebM VP9 com alpha. O loop é controlado pelo player/Foundry.
482,output-gif-all\metal-mamemon.gif,output-webm-all\metal-mamemon.webm,2,1152,1152,True,ok,Convertido para WebM VP9 com alpha. O loop é controlado pelo player/Foundry.
483,output-gif-all\metal-seadramon.gif,output-webm-all\metal-seadramon.webm,2,1152,1152,True,ok,Convertido para WebM VP9 com alpha. O loop é controlado pelo player/Foundry.
484,output-gif-all\metal-tyranomon.gif,output-webm-all\metal-tyranomon.webm,2,1152,1152,True,ok,Convertido para WebM VP9 com alpha. O loop é controlado pelo player/Foundry.
485,output-gif-all\metallicdramon.gif,output-webm-all\metallicdramon.webm,2,1152,1152,True,ok,Convertido para WebM VP9 com alpha. O loop é controlado pelo player/Foundry.
486,output-gif-all\metallife-kuwagamon.gif,output-webm-all\metallife-kuwagamon.webm,2,1152,1152,True,ok,Convertido para WebM VP9 com alpha. O loop é controlado pelo player/Foundry.
487,output-gif-all\mihiramon.gif,output-webm-all\mihiramon.webm,2,1152,1152,True,ok,Convertido para WebM VP9 com alpha. O loop é controlado pelo player/Foundry.
488,output-gif-all\millenniumon.gif,output-webm-all\millenniumon.webm,2,576,576,True,ok,Convertido para WebM VP9 com alpha. O loop é controlado pelo player/Foundry.
489,output-gif-all\minomon.gif,output-webm-all\minomon.webm,2,1152,1152,True,ok,Convertido para WebM VP9 com alpha. O loop é controlado pelo player/Foundry.
490,output-gif-all\minotaurmon.gif,output-webm-all\minotaurmon.webm,1,1152,1152,True,skipped,GIF estático: possui apenas 1 frame.
491,output-gif-all\mirage-gaogamon-burst-mode.gif,output-webm-all\mirage-gaogamon-burst-mode.webm,2,1152,1152,True,ok,Convertido para WebM VP9 com alpha. O loop é controlado pelo player/Foundry.
492,output-gif-all\mirage-gaogamon.gif,output-webm-all\mirage-gaogamon.webm,2,1152,1152,True,ok,Convertido para WebM VP9 com alpha. O loop é controlado pelo player/Foundry.
493,output-gif-all\missimon.gif,output-webm-all\missimon.webm,2,1152,1152,True,ok,Convertido para WebM VP9 com alpha. O loop é controlado pelo player/Foundry.
494,output-gif-all\mitamamon.gif,output-webm-all\mitamamon.webm,2,1152,1152,True,ok,Convertido para WebM VP9 com alpha. O loop é controlado pelo player/Foundry.
495,output-gif-all\mochimon.gif,output-webm-all\mochimon.webm,2,1152,1152,True,ok,Convertido para WebM VP9 com alpha. O loop é controlado pelo player/Foundry.
496,output-gif-all\mococomon.gif,output-webm-all\mococomon.webm,2,576,576,True,ok,Convertido para WebM VP9 com alpha. O loop é controlado pelo player/Foundry.
497,output-gif-all\mojyamon.gif,output-webm-all\mojyamon.webm,2,1152,1152,True,ok,Convertido para WebM VP9 com alpha. O loop é controlado pelo player/Foundry.
498,output-gif-all\mokumon.gif,output-webm-all\mokumon.webm,2,1152,1152,True,ok,Convertido para WebM VP9 com alpha. O loop é controlado pelo player/Foundry.
499,output-gif-all\monochromon.gif,output-webm-all\monochromon.webm,2,1152,1152,True,ok,Convertido para WebM VP9 com alpha. O loop é controlado pelo player/Foundry.
500,output-gif-all\monodramon.gif,output-webm-all\monodramon.webm,2,1152,1152,True,ok,Convertido para WebM VP9 com alpha. O loop é controlado pelo player/Foundry.
501,output-gif-all\monzaemon.gif,output-webm-all\monzaemon.webm,1,1152,1152,True,skipped,GIF estático: possui apenas 1 frame.
502,output-gif-all\moosemon.gif,output-webm-all\moosemon.webm,2,1152,1152,True,ok,Convertido para WebM VP9 com alpha. O loop é controlado pelo player/Foundry.
503,output-gif-all\morphomon.gif,output-webm-all\morphomon.webm,2,1152,1152,True,ok,Convertido para WebM VP9 com alpha. O loop é controlado pelo player/Foundry.
504,output-gif-all\mugendramon.gif,output-webm-all\mugendramon.webm,2,1152,1152,True,ok,Convertido para WebM VP9 com alpha. O loop é controlado pelo player/Foundry.
505,output-gif-all\mummymon.gif,output-webm-all\mummymon.webm,2,1152,1152,True,ok,Convertido para WebM VP9 com alpha. O loop é controlado pelo player/Foundry.
506,output-gif-all\murmukusmon.gif,output-webm-all\murmukusmon.webm,2,1152,1152,True,ok,Convertido para WebM VP9 com alpha. O loop é controlado pelo player/Foundry.
507,output-gif-all\mushmon.gif,output-webm-all\mushmon.webm,1,1152,1152,True,skipped,GIF estático: possui apenas 1 frame.
508,output-gif-all\musyamon.gif,output-webm-all\musyamon.webm,2,1152,1152,True,ok,Convertido para WebM VP9 com alpha. O loop é controlado pelo player/Foundry.
509,output-gif-all\namakemon.gif,output-webm-all\namakemon.webm,2,1152,1152,True,ok,Convertido para WebM VP9 com alpha. O loop é controlado pelo player/Foundry.
510,output-gif-all\nanimon.gif,output-webm-all\nanimon.webm,1,1152,1152,True,skipped,GIF estático: possui apenas 1 frame.
511,output-gif-all\nanomon.gif,output-webm-all\nanomon.webm,2,1152,1152,True,ok,Convertido para WebM VP9 com alpha. O loop é controlado pelo player/Foundry.
512,output-gif-all\nefertimon.gif,output-webm-all\nefertimon.webm,2,1152,1152,True,ok,Convertido para WebM VP9 com alpha. O loop é controlado pelo player/Foundry.
513,output-gif-all\neo-devimon.gif,output-webm-all\neo-devimon.webm,2,1152,1152,True,ok,Convertido para WebM VP9 com alpha. O loop é controlado pelo player/Foundry.
514,output-gif-all\neo-vamdemon.gif,output-webm-all\neo-vamdemon.webm,2,1152,1152,True,ok,Convertido para WebM VP9 com alpha. O loop é controlado pelo player/Foundry.
515,output-gif-all\neptunemon.gif,output-webm-all\neptunemon.webm,2,1152,1152,True,ok,Convertido para WebM VP9 com alpha. O loop é controlado pelo player/Foundry.
516,output-gif-all\nezhamon-crimson-mode.gif,output-webm-all\nezhamon-crimson-mode.webm,2,576,576,True,ok,Convertido para WebM VP9 com alpha. O loop é controlado pelo player/Foundry.
517,output-gif-all\nezhamon.gif,output-webm-all\nezhamon.webm,2,576,576,True,ok,Convertido para WebM VP9 com alpha. O loop é controlado pelo player/Foundry.
518,output-gif-all\nidhoggmon.gif,output-webm-all\nidhoggmon.webm,2,1152,1152,True,ok,Convertido para WebM VP9 com alpha. O loop é controlado pelo player/Foundry.
519,output-gif-all\noble-pumpmon.gif,output-webm-all\noble-pumpmon.webm,2,1152,1152,True,ok,Convertido para WebM VP9 com alpha. O loop é controlado pelo player/Foundry.
520,output-gif-all\numemon.gif,output-webm-all\numemon.webm,1,1152,1152,True,skipped,GIF estático: possui apenas 1 frame.
521,output-gif-all\nyaromon.gif,output-webm-all\nyaromon.webm,2,576,576,True,ok,Convertido para WebM VP9 com alpha. O loop é controlado pelo player/Foundry.
522,output-gif-all\nyokimon.gif,output-webm-all\nyokimon.webm,2,1152,1152,True,ok,Convertido para WebM VP9 com alpha. O loop é controlado pelo player/Foundry.
523,output-gif-all\oboromon.gif,output-webm-all\oboromon.webm,2,1152,1152,True,ok,Convertido para WebM VP9 com alpha. O loop é controlado pelo player/Foundry.
524,output-gif-all\octmon.gif,output-webm-all\octmon.webm,2,1152,1152,True,ok,Convertido para WebM VP9 com alpha. O loop é controlado pelo player/Foundry.
525,output-gif-all\ogremon.gif,output-webm-all\ogremon.webm,2,1152,1152,True,ok,Convertido para WebM VP9 com alpha. O loop é controlado pelo player/Foundry.
526,output-gif-all\okuwamon.gif,output-webm-all\okuwamon.webm,1,1152,1152,True,skipped,GIF estático: possui apenas 1 frame.
527,output-gif-all\oleamon.gif,output-webm-all\oleamon.webm,2,1152,1152,True,ok,Convertido para WebM VP9 com alpha. O loop é controlado pelo player/Foundry.
528,output-gif-all\olegmon.gif,output-webm-all\olegmon.webm,2,1152,1152,True,ok,Convertido para WebM VP9 com alpha. O loop é controlado pelo player/Foundry.
529,output-gif-all\omedamon.gif,output-webm-all\omedamon.webm,2,1152,1152,True,ok,Convertido para WebM VP9 com alpha. O loop é controlado pelo player/Foundry.
530,output-gif-all\omega-knight.gif,output-webm-all\omega-knight.webm,2,1152,1152,True,ok,Convertido para WebM VP9 com alpha. O loop é controlado pelo player/Foundry.
531,output-gif-all\omega-shoutmon.gif,output-webm-all\omega-shoutmon.webm,2,1152,1152,True,ok,Convertido para WebM VP9 com alpha. O loop é controlado pelo player/Foundry.
532,output-gif-all\omegamon-alter-s.gif,output-webm-all\omegamon-alter-s.webm,2,576,576,True,ok,Convertido para WebM VP9 com alpha. O loop é controlado pelo player/Foundry.
533,output-gif-all\omegamon-zwart.gif,output-webm-all\omegamon-zwart.webm,2,1152,1152,True,ok,Convertido para WebM VP9 com alpha. O loop é controlado pelo player/Foundry.
534,output-gif-all\omegamon.gif,output-webm-all\omegamon.webm,2,1152,1152,True,ok,Convertido para WebM VP9 com alpha. O loop é controlado pelo player/Foundry.
535,output-gif-all\onibimon.gif,output-webm-all\onibimon.webm,2,576,576,True,ok,Convertido para WebM VP9 com alpha. O loop é controlado pelo player/Foundry.
536,output-gif-all\orochimon.gif,output-webm-all\orochimon.webm,2,1152,1152,True,ok,Convertido para WebM VP9 com alpha. O loop é controlado pelo player/Foundry.
537,output-gif-all\otamamon.gif,output-webm-all\otamamon.webm,1,1152,1152,True,skipped,GIF estático: possui apenas 1 frame.
538,output-gif-all\ouryumon.gif,output-webm-all\ouryumon.webm,2,1152,1152,True,ok,Convertido para WebM VP9 com alpha. O loop é controlado pelo player/Foundry.
539,output-gif-all\pagumon.gif,output-webm-all\pagumon.webm,2,1152,1152,True,ok,Convertido para WebM VP9 com alpha. O loop é controlado pelo player/Foundry.
540,output-gif-all\paildramon.gif,output-webm-all\paildramon.webm,2,1152,1152,True,ok,Convertido para WebM VP9 com alpha. O loop é controlado pelo player/Foundry.
541,output-gif-all\pajiramon.gif,output-webm-all\pajiramon.webm,2,1152,1152,True,ok,Convertido para WebM VP9 com alpha. O loop é controlado pelo player/Foundry.
542,output-gif-all\paledramon.gif,output-webm-all\paledramon.webm,2,1152,1152,True,ok,Convertido para WebM VP9 com alpha. O loop é controlado pelo player/Foundry.
543,output-gif-all\palmon.gif,output-webm-all\palmon.webm,2,1152,1152,True,ok,Convertido para WebM VP9 com alpha. O loop é controlado pelo player/Foundry.
544,output-gif-all\pandamon.gif,output-webm-all\pandamon.webm,2,1152,1152,True,ok,Convertido para WebM VP9 com alpha. O loop é controlado pelo player/Foundry.
545,output-gif-all\panjyamon-x.gif,output-webm-all\panjyamon-x.webm,2,1152,1152,True,ok,Convertido para WebM VP9 com alpha. O loop é controlado pelo player/Foundry.
546,output-gif-all\panjyamon.gif,output-webm-all\panjyamon.webm,2,1152,1152,True,ok,Convertido para WebM VP9 com alpha. O loop é controlado pelo player/Foundry.
547,output-gif-all\parasaurmon.gif,output-webm-all\parasaurmon.webm,2,1152,1152,True,ok,Convertido para WebM VP9 com alpha. O loop é controlado pelo player/Foundry.
548,output-gif-all\parasimon.gif,output-webm-all\parasimon.webm,2,1152,1152,True,ok,Convertido para WebM VP9 com alpha. O loop é controlado pelo player/Foundry.
549,output-gif-all\parrotmon.gif,output-webm-all\parrotmon.webm,2,1152,1152,True,ok,Convertido para WebM VP9 com alpha. O loop é controlado pelo player/Foundry.
550,output-gif-all\patamon.gif,output-webm-all\patamon.webm,2,1152,1152,True,ok,Convertido para WebM VP9 com alpha. O loop é controlado pelo player/Foundry.
551,output-gif-all\pawn-chessmon-white.gif,output-webm-all\pawn-chessmon-white.webm,2,576,576,True,ok,Convertido para WebM VP9 com alpha. O loop é controlado pelo player/Foundry.
552,output-gif-all\peacockmon.gif,output-webm-all\peacockmon.webm,2,1152,1152,True,ok,Convertido para WebM VP9 com alpha. O loop é controlado pelo player/Foundry.
553,output-gif-all\peckmon.gif,output-webm-all\peckmon.webm,2,1152,1152,True,ok,Convertido para WebM VP9 com alpha. O loop é controlado pelo player/Foundry.
554,output-gif-all\pegasmon.gif,output-webm-all\pegasmon.webm,2,1152,1152,True,ok,Convertido para WebM VP9 com alpha. O loop é controlado pelo player/Foundry.
555,output-gif-all\petaldramon.gif,output-webm-all\petaldramon.webm,2,1152,1152,True,ok,Convertido para WebM VP9 com alpha. O loop é controlado pelo player/Foundry.
556,output-gif-all\peti-meramon.gif,output-webm-all\peti-meramon.webm,2,1152,1152,True,ok,Convertido para WebM VP9 com alpha. O loop é controlado pelo player/Foundry.
557,output-gif-all\petitmon.gif,output-webm-all\petitmon.webm,2,1152,1152,True,ok,Convertido para WebM VP9 com alpha. O loop é controlado pelo player/Foundry.
558,output-gif-all\pharaohmon.gif,output-webm-all\pharaohmon.webm,2,1152,1152,True,ok,Convertido para WebM VP9 com alpha. O loop é controlado pelo player/Foundry.
559,output-gif-all\phascomon.gif,output-webm-all\phascomon.webm,2,1152,1152,True,ok,Convertido para WebM VP9 com alpha. O loop é controlado pelo player/Foundry.
560,output-gif-all\phelesmon.gif,output-webm-all\phelesmon.webm,2,1152,1152,True,ok,Convertido para WebM VP9 com alpha. O loop é controlado pelo player/Foundry.
561,output-gif-all\piccolomon.gif,output-webm-all\piccolomon.webm,2,1152,1152,True,ok,Convertido para WebM VP9 com alpha. O loop é controlado pelo player/Foundry.
562,output-gif-all\pickmon.gif,output-webm-all\pickmon.webm,2,576,576,True,ok,Convertido para WebM VP9 com alpha. O loop é controlado pelo player/Foundry.
563,output-gif-all\pico-devimon.gif,output-webm-all\pico-devimon.webm,1,1152,1152,True,skipped,GIF estático: possui apenas 1 frame.
564,output-gif-all\pidmon.gif,output-webm-all\pidmon.webm,2,1152,1152,True,ok,Convertido para WebM VP9 com alpha. O loop é controlado pelo player/Foundry.
565,output-gif-all\piemon.gif,output-webm-all\piemon.webm,2,1152,1152,True,ok,Convertido para WebM VP9 com alpha. O loop é controlado pelo player/Foundry.
566,output-gif-all\pinochimon.gif,output-webm-all\pinochimon.webm,1,1152,1152,True,skipped,GIF estático: possui apenas 1 frame.
567,output-gif-all\piranimon.gif,output-webm-all\piranimon.webm,2,1152,1152,True,ok,Convertido para WebM VP9 com alpha. O loop é controlado pelo player/Foundry.
568,output-gif-all\pistmon.gif,output-webm-all\pistmon.webm,2,1152,1152,True,ok,Convertido para WebM VP9 com alpha. O loop é controlado pelo player/Foundry.
569,output-gif-all\pitchmon.gif,output-webm-all\pitchmon.webm,2,1152,1152,True,ok,Convertido para WebM VP9 com alpha. O loop é controlado pelo player/Foundry.
570,output-gif-all\piyomon.gif,output-webm-all\piyomon.webm,2,1152,1152,True,ok,Convertido para WebM VP9 com alpha. O loop é controlado pelo player/Foundry.
571,output-gif-all\platinum-numemon.gif,output-webm-all\platinum-numemon.webm,2,1152,1152,True,ok,Convertido para WebM VP9 com alpha. O loop é controlado pelo player/Foundry.
572,output-gif-all\plesiomon.gif,output-webm-all\plesiomon.webm,2,1152,1152,True,ok,Convertido para WebM VP9 com alpha. O loop é controlado pelo player/Foundry.
573,output-gif-all\plotmon.gif,output-webm-all\plotmon.webm,2,576,576,True,ok,Convertido para WebM VP9 com alpha. O loop é controlado pelo player/Foundry.
574,output-gif-all\plutomon.gif,output-webm-all\plutomon.webm,2,1152,1152,True,ok,Convertido para WebM VP9 com alpha. O loop é controlado pelo player/Foundry.
575,output-gif-all\pokomon.gif,output-webm-all\pokomon.webm,2,1152,1152,True,ok,Convertido para WebM VP9 com alpha. O loop é controlado pelo player/Foundry.
576,output-gif-all\pomumon.gif,output-webm-all\pomumon.webm,2,1152,1152,True,ok,Convertido para WebM VP9 com alpha. O loop é controlado pelo player/Foundry.
577,output-gif-all\popomon.gif,output-webm-all\popomon.webm,2,1152,1152,True,ok,Convertido para WebM VP9 com alpha. O loop é controlado pelo player/Foundry.
578,output-gif-all\porcupamon.gif,output-webm-all\porcupamon.webm,2,1152,1152,True,ok,Convertido para WebM VP9 com alpha. O loop é controlado pelo player/Foundry.
579,output-gif-all\poromon.gif,output-webm-all\poromon.webm,2,1152,1152,True,ok,Convertido para WebM VP9 com alpha. O loop é controlado pelo player/Foundry.
580,output-gif-all\poyomon.gif,output-webm-all\poyomon.webm,2,576,576,True,ok,Convertido para WebM VP9 com alpha. O loop é controlado pelo player/Foundry.
581,output-gif-all\proximamon.gif,output-webm-all\proximamon.webm,2,1152,1152,True,ok,Convertido para WebM VP9 com alpha. O loop é controlado pelo player/Foundry.
582,output-gif-all\pteromon.gif,output-webm-all\pteromon.webm,2,576,576,True,ok,Convertido para WebM VP9 com alpha. O loop é controlado pelo player/Foundry.
583,output-gif-all\publimon.gif,output-webm-all\publimon.webm,2,1152,1152,True,ok,Convertido para WebM VP9 com alpha. O loop é controlado pelo player/Foundry.
584,output-gif-all\pucchiemon-green.gif,output-webm-all\pucchiemon-green.webm,2,1152,1152,True,ok,Convertido para WebM VP9 com alpha. O loop é controlado pelo player/Foundry.
585,output-gif-all\pucchiemon.gif,output-webm-all\pucchiemon.webm,2,1152,1152,True,ok,Convertido para WebM VP9 com alpha. O loop é controlado pelo player/Foundry.
586,output-gif-all\pukamon.gif,output-webm-all\pukamon.webm,2,1152,1152,True,ok,Convertido para WebM VP9 com alpha. O loop é controlado pelo player/Foundry.
587,output-gif-all\pukumon.gif,output-webm-all\pukumon.webm,2,1152,1152,True,ok,Convertido para WebM VP9 com alpha. O loop é controlado pelo player/Foundry.
588,output-gif-all\pulsemon.gif,output-webm-all\pulsemon.webm,2,1152,1152,True,ok,Convertido para WebM VP9 com alpha. O loop é controlado pelo player/Foundry.
589,output-gif-all\pumpmon.gif,output-webm-all\pumpmon.webm,2,1152,1152,True,ok,Convertido para WebM VP9 com alpha. O loop é controlado pelo player/Foundry.
590,output-gif-all\punimon.gif,output-webm-all\punimon.webm,2,1152,1152,True,ok,Convertido para WebM VP9 com alpha. O loop é controlado pelo player/Foundry.
591,output-gif-all\pururumon.gif,output-webm-all\pururumon.webm,2,1152,1152,True,ok,Convertido para WebM VP9 com alpha. O loop é controlado pelo player/Foundry.
592,output-gif-all\puyomon.gif,output-webm-all\puyomon.webm,2,1152,1152,True,ok,Convertido para WebM VP9 com alpha. O loop é controlado pelo player/Foundry.
593,output-gif-all\puyoyomon.gif,output-webm-all\puyoyomon.webm,2,1152,1152,True,ok,Convertido para WebM VP9 com alpha. O loop é controlado pelo player/Foundry.
594,output-gif-all\pyocomon.gif,output-webm-all\pyocomon.webm,2,1152,1152,True,ok,Convertido para WebM VP9 com alpha. O loop é controlado pelo player/Foundry.
595,output-gif-all\pyonmon.gif,output-webm-all\pyonmon.webm,2,1152,1152,True,ok,Convertido para WebM VP9 com alpha. O loop é controlado pelo player/Foundry.
596,output-gif-all\qinglongmon.gif,output-webm-all\qinglongmon.webm,1,1152,1152,True,skipped,GIF estático: possui apenas 1 frame.
597,output-gif-all\quantumon.gif,output-webm-all\quantumon.webm,2,576,576,True,ok,Convertido para WebM VP9 com alpha. O loop é controlado pelo player/Foundry.
598,output-gif-all\rafflesimon.gif,output-webm-all\rafflesimon.webm,2,1152,1152,True,ok,Convertido para WebM VP9 com alpha. O loop é controlado pelo player/Foundry.
599,output-gif-all\ragna-lordmon.gif,output-webm-all\ragna-lordmon.webm,2,1152,1152,True,ok,Convertido para WebM VP9 com alpha. O loop é controlado pelo player/Foundry.
600,output-gif-all\ragnamon.gif,output-webm-all\ragnamon.webm,2,1152,1152,True,ok,Convertido para WebM VP9 com alpha. O loop é controlado pelo player/Foundry.
601,output-gif-all\raidenmon.gif,output-webm-all\raidenmon.webm,2,1152,1152,True,ok,Convertido para WebM VP9 com alpha. O loop é controlado pelo player/Foundry.
602,output-gif-all\raihimon.gif,output-webm-all\raihimon.webm,2,1152,1152,True,ok,Convertido para WebM VP9 com alpha. O loop é controlado pelo player/Foundry.
603,output-gif-all\raiji-ludomon.gif,output-webm-all\raiji-ludomon.webm,2,1152,1152,True,ok,Convertido para WebM VP9 com alpha. O loop é controlado pelo player/Foundry.
604,output-gif-all\raijinmon.gif,output-webm-all\raijinmon.webm,2,1152,1152,True,ok,Convertido para WebM VP9 com alpha. O loop é controlado pelo player/Foundry.
605,output-gif-all\ranamon.gif,output-webm-all\ranamon.webm,2,1152,1152,True,ok,Convertido para WebM VP9 com alpha. O loop é controlado pelo player/Foundry.
606,output-gif-all\rapidmon-armor.gif,output-webm-all\rapidmon-armor.webm,2,1152,1152,True,ok,Convertido para WebM VP9 com alpha. O loop é controlado pelo player/Foundry.
607,output-gif-all\rapidmon.gif,output-webm-all\rapidmon.webm,2,1152,1152,True,ok,Convertido para WebM VP9 com alpha. O loop é controlado pelo player/Foundry.
608,output-gif-all\raptordramon.gif,output-webm-all\raptordramon.webm,2,1152,1152,True,ok,Convertido para WebM VP9 com alpha. O loop é controlado pelo player/Foundry.
609,output-gif-all\rare-raremon.gif,output-webm-all\rare-raremon.webm,2,1152,1152,True,ok,Convertido para WebM VP9 com alpha. O loop é controlado pelo player/Foundry.
610,output-gif-all\raremon.gif,output-webm-all\raremon.webm,2,1152,1152,True,ok,Convertido para WebM VP9 com alpha. O loop é controlado pelo player/Foundry.
611,output-gif-all\rasenmon-fury-mode.gif,output-webm-all\rasenmon-fury-mode.webm,2,1152,1152,True,ok,Convertido para WebM VP9 com alpha. O loop é controlado pelo player/Foundry.
612,output-gif-all\rasenmon.gif,output-webm-all\rasenmon.webm,2,1152,1152,True,ok,Convertido para WebM VP9 com alpha. O loop é controlado pelo player/Foundry.
613,output-gif-all\ravmon-burst-mode.gif,output-webm-all\ravmon-burst-mode.webm,2,1152,1152,True,ok,Convertido para WebM VP9 com alpha. O loop é controlado pelo player/Foundry.
614,output-gif-all\ravmon.gif,output-webm-all\ravmon.webm,2,1152,1152,True,ok,Convertido para WebM VP9 com alpha. O loop é controlado pelo player/Foundry.
615,output-gif-all\rebellimon.gif,output-webm-all\rebellimon.webm,2,1152,1152,True,ok,Convertido para WebM VP9 com alpha. O loop é controlado pelo player/Foundry.
616,output-gif-all\red-vegimon.gif,output-webm-all\red-vegimon.webm,1,1152,1152,True,skipped,GIF estático: possui apenas 1 frame.
617,output-gif-all\regalecusmon.gif,output-webm-all\regalecusmon.webm,2,1152,1152,True,ok,Convertido para WebM VP9 com alpha. O loop é controlado pelo player/Foundry.
618,output-gif-all\regulusmon.gif,output-webm-all\regulusmon.webm,2,1152,1152,True,ok,Convertido para WebM VP9 com alpha. O loop é controlado pelo player/Foundry.
619,output-gif-all\relemon.gif,output-webm-all\relemon.webm,2,1152,1152,True,ok,Convertido para WebM VP9 com alpha. O loop é controlado pelo player/Foundry.
620,output-gif-all\renamon.gif,output-webm-all\renamon.webm,2,1152,1152,True,ok,Convertido para WebM VP9 com alpha. O loop é controlado pelo player/Foundry.
621,output-gif-all\reppamon.gif,output-webm-all\reppamon.webm,2,1152,1152,True,ok,Convertido para WebM VP9 com alpha. O loop é controlado pelo player/Foundry.
622,output-gif-all\revolmon.gif,output-webm-all\revolmon.webm,1,1152,1152,True,skipped,GIF estático: possui apenas 1 frame.
623,output-gif-all\rhino-kabuterimon.gif,output-webm-all\rhino-kabuterimon.webm,2,1152,1152,True,ok,Convertido para WebM VP9 com alpha. O loop é controlado pelo player/Foundry.
624,output-gif-all\rhinomon.gif,output-webm-all\rhinomon.webm,2,1152,1152,True,ok,Convertido para WebM VP9 com alpha. O loop é controlado pelo player/Foundry.
625,output-gif-all\rize-greymon.gif,output-webm-all\rize-greymon.webm,2,1152,1152,True,ok,Convertido para WebM VP9 com alpha. O loop é controlado pelo player/Foundry.
626,output-gif-all\rokusho-head-and-arm.gif,output-webm-all\rokusho-head-and-arm.webm,2,1152,1152,True,ok,Convertido para WebM VP9 com alpha. O loop é controlado pelo player/Foundry.
627,output-gif-all\rokusho.gif,output-webm-all\rokusho.webm,2,1152,1152,True,ok,Convertido para WebM VP9 com alpha. O loop é controlado pelo player/Foundry.
628,output-gif-all\rosemon-burst-mode.gif,output-webm-all\rosemon-burst-mode.webm,2,1152,1152,True,ok,Convertido para WebM VP9 com alpha. O loop é controlado pelo player/Foundry.
629,output-gif-all\rosemon.gif,output-webm-all\rosemon.webm,2,1152,1152,True,ok,Convertido para WebM VP9 com alpha. O loop é controlado pelo player/Foundry.
630,output-gif-all\rukamon.gif,output-webm-all\rukamon.webm,2,1152,1152,True,ok,Convertido para WebM VP9 com alpha. O loop é controlado pelo player/Foundry.
631,output-gif-all\runnermon.gif,output-webm-all\runnermon.webm,2,1152,1152,True,ok,Convertido para WebM VP9 com alpha. O loop é controlado pelo player/Foundry.
632,output-gif-all\rust-tyranomon.gif,output-webm-all\rust-tyranomon.webm,2,1152,1152,True,ok,Convertido para WebM VP9 com alpha. O loop é controlado pelo player/Foundry.
633,output-gif-all\ryudamon.gif,output-webm-all\ryudamon.webm,2,1152,1152,True,ok,Convertido para WebM VP9 com alpha. O loop é controlado pelo player/Foundry.
634,output-gif-all\ryugumon.gif,output-webm-all\ryugumon.webm,2,576,576,True,ok,Convertido para WebM VP9 com alpha. O loop é controlado pelo player/Foundry.
635,output-gif-all\saber-leomon.gif,output-webm-all\saber-leomon.webm,2,1152,1152,True,ok,Convertido para WebM VP9 com alpha. O loop é controlado pelo player/Foundry.
636,output-gif-all\saberdramon.gif,output-webm-all\saberdramon.webm,2,1152,1152,True,ok,Convertido para WebM VP9 com alpha. O loop é controlado pelo player/Foundry.
637,output-gif-all\sagittarimon.gif,output-webm-all\sagittarimon.webm,2,1152,1152,True,ok,Convertido para WebM VP9 com alpha. O loop é controlado pelo player/Foundry.
638,output-gif-all\sagomon.gif,output-webm-all\sagomon.webm,2,576,576,True,ok,Convertido para WebM VP9 com alpha. O loop é controlado pelo player/Foundry.
639,output-gif-all\saint-galgomon.gif,output-webm-all\saint-galgomon.webm,2,1152,1152,True,ok,Convertido para WebM VP9 com alpha. O loop é controlado pelo player/Foundry.
640,output-gif-all\sakumon.gif,output-webm-all\sakumon.webm,2,1152,1152,True,ok,Convertido para WebM VP9 com alpha. O loop é controlado pelo player/Foundry.
641,output-gif-all\sakuttomon.gif,output-webm-all\sakuttomon.webm,2,1152,1152,True,ok,Convertido para WebM VP9 com alpha. O loop é controlado pelo player/Foundry.
642,output-gif-all\sakuyamon-miko-mode.gif,output-webm-all\sakuyamon-miko-mode.webm,2,1152,1152,True,ok,Convertido para WebM VP9 com alpha. O loop é controlado pelo player/Foundry.
643,output-gif-all\sakuyamon-x.gif,output-webm-all\sakuyamon-x.webm,2,1152,1152,True,ok,Convertido para WebM VP9 com alpha. O loop é controlado pelo player/Foundry.
644,output-gif-all\sakuyamon.gif,output-webm-all\sakuyamon.webm,2,1152,1152,True,ok,Convertido para WebM VP9 com alpha. O loop é controlado pelo player/Foundry.
645,output-gif-all\sandiramon.gif,output-webm-all\sandiramon.webm,2,1152,1152,True,ok,Convertido para WebM VP9 com alpha. O loop é controlado pelo player/Foundry.
646,output-gif-all\sangloupmon.gif,output-webm-all\sangloupmon.webm,2,1152,1152,True,ok,Convertido para WebM VP9 com alpha. O loop é controlado pelo player/Foundry.
647,output-gif-all\sangomon.gif,output-webm-all\sangomon.webm,2,1152,1152,True,ok,Convertido para WebM VP9 com alpha. O loop é controlado pelo player/Foundry.
648,output-gif-all\sanzomon.gif,output-webm-all\sanzomon.webm,2,576,576,True,ok,Convertido para WebM VP9 com alpha. O loop é controlado pelo player/Foundry.
649,output-gif-all\savior-hackmon.gif,output-webm-all\savior-hackmon.webm,2,1152,1152,True,ok,Convertido para WebM VP9 com alpha. O loop é controlado pelo player/Foundry.
650,output-gif-all\scorpiomon.gif,output-webm-all\scorpiomon.webm,2,1152,1152,True,ok,Convertido para WebM VP9 com alpha. O loop é controlado pelo player/Foundry.
651,output-gif-all\scumon.gif,output-webm-all\scumon.webm,1,1152,1152,True,skipped,GIF estático: possui apenas 1 frame.
652,output-gif-all\seadramon.gif,output-webm-all\seadramon.webm,2,1152,1152,True,ok,Convertido para WebM VP9 com alpha. O loop é controlado pelo player/Foundry.
653,output-gif-all\sealsdramon.gif,output-webm-all\sealsdramon.webm,2,1152,1152,True,ok,Convertido para WebM VP9 com alpha. O loop é controlado pelo player/Foundry.
654,output-gif-all\seiten-gokuwmon.gif,output-webm-all\seiten-gokuwmon.webm,2,576,576,True,ok,Convertido para WebM VP9 com alpha. O loop é controlado pelo player/Foundry.
655,output-gif-all\sekkamon.gif,output-webm-all\sekkamon.webm,2,576,576,True,ok,Convertido para WebM VP9 com alpha. O loop é controlado pelo player/Foundry.
656,output-gif-all\sephirothmon.gif,output-webm-all\sephirothmon.webm,2,1152,1152,True,ok,Convertido para WebM VP9 com alpha. O loop é controlado pelo player/Foundry.
657,output-gif-all\seraphimon.gif,output-webm-all\seraphimon.webm,2,1152,1152,True,ok,Convertido para WebM VP9 com alpha. O loop é controlado pelo player/Foundry.
658,output-gif-all\shadramon.gif,output-webm-all\shadramon.webm,2,1152,1152,True,ok,Convertido para WebM VP9 com alpha. O loop é controlado pelo player/Foundry.
659,output-gif-all\shagaramon.gif,output-webm-all\shagaramon.webm,2,576,576,True,ok,Convertido para WebM VP9 com alpha. O loop é controlado pelo player/Foundry.
660,output-gif-all\shakamon.gif,output-webm-all\shakamon.webm,2,1152,1152,True,ok,Convertido para WebM VP9 com alpha. O loop é controlado pelo player/Foundry.
661,output-gif-all\shakkoumon.gif,output-webm-all\shakkoumon.webm,2,1152,1152,True,ok,Convertido para WebM VP9 com alpha. O loop é controlado pelo player/Foundry.
662,output-gif-all\shakomon.gif,output-webm-all\shakomon.webm,2,576,576,True,ok,Convertido para WebM VP9 com alpha. O loop é controlado pelo player/Foundry.
663,output-gif-all\shellmon.gif,output-webm-all\shellmon.webm,2,1152,1152,True,ok,Convertido para WebM VP9 com alpha. O loop é controlado pelo player/Foundry.
664,output-gif-all\shin-monzaemon.gif,output-webm-all\shin-monzaemon.webm,2,1152,1152,True,ok,Convertido para WebM VP9 com alpha. O loop é controlado pelo player/Foundry.
665,output-gif-all\shine-greymon-burst-mode.gif,output-webm-all\shine-greymon-burst-mode.webm,2,1152,1152,True,ok,Convertido para WebM VP9 com alpha. O loop é controlado pelo player/Foundry.
666,output-gif-all\shine-greymon.gif,output-webm-all\shine-greymon.webm,2,1152,1152,True,ok,Convertido para WebM VP9 com alpha. O loop é controlado pelo player/Foundry.
667,output-gif-all\shishimamon.gif,output-webm-all\shishimamon.webm,2,576,576,True,ok,Convertido para WebM VP9 com alpha. O loop é controlado pelo player/Foundry.
668,output-gif-all\shivamon.gif,output-webm-all\shivamon.webm,2,1152,1152,True,ok,Convertido para WebM VP9 com alpha. O loop é controlado pelo player/Foundry.
669,output-gif-all\shootmon.gif,output-webm-all\shootmon.webm,2,1152,1152,True,ok,Convertido para WebM VP9 com alpha. O loop é controlado pelo player/Foundry.
670,output-gif-all\shoutmon-dx.gif,output-webm-all\shoutmon-dx.webm,2,1152,1152,True,ok,Convertido para WebM VP9 com alpha. O loop é controlado pelo player/Foundry.
671,output-gif-all\shoutmon-ex6.gif,output-webm-all\shoutmon-ex6.webm,2,576,576,True,ok,Convertido para WebM VP9 com alpha. O loop é controlado pelo player/Foundry.
672,output-gif-all\shoutmon-king-ver.gif,output-webm-all\shoutmon-king-ver.webm,2,576,576,True,ok,Convertido para WebM VP9 com alpha. O loop é controlado pelo player/Foundry.
673,output-gif-all\shoutmon-x2.gif,output-webm-all\shoutmon-x2.webm,2,576,576,True,ok,Convertido para WebM VP9 com alpha. O loop é controlado pelo player/Foundry.
674,output-gif-all\shoutmon-x3.gif,output-webm-all\shoutmon-x3.webm,2,576,576,True,ok,Convertido para WebM VP9 com alpha. O loop é controlado pelo player/Foundry.
675,output-gif-all\shoutmon-x3gm.gif,output-webm-all\shoutmon-x3gm.webm,2,576,576,True,ok,Convertido para WebM VP9 com alpha. O loop é controlado pelo player/Foundry.
676,output-gif-all\shoutmon-x3sd.gif,output-webm-all\shoutmon-x3sd.webm,2,576,576,True,ok,Convertido para WebM VP9 com alpha. O loop é controlado pelo player/Foundry.
677,output-gif-all\shoutmon-x4.gif,output-webm-all\shoutmon-x4.webm,2,1152,1152,True,ok,Convertido para WebM VP9 com alpha. O loop é controlado pelo player/Foundry.
678,output-gif-all\shoutmon-x4b.gif,output-webm-all\shoutmon-x4b.webm,2,576,576,True,ok,Convertido para WebM VP9 com alpha. O loop é controlado pelo player/Foundry.
679,output-gif-all\shoutmon-x4k.gif,output-webm-all\shoutmon-x4k.webm,2,576,576,True,ok,Convertido para WebM VP9 com alpha. O loop é controlado pelo player/Foundry.
680,output-gif-all\shoutmon-x4s.gif,output-webm-all\shoutmon-x4s.webm,2,576,576,True,ok,Convertido para WebM VP9 com alpha. O loop é controlado pelo player/Foundry.
681,output-gif-all\shoutmon-x5.gif,output-webm-all\shoutmon-x5.webm,2,576,576,True,ok,Convertido para WebM VP9 com alpha. O loop é controlado pelo player/Foundry.
682,output-gif-all\shoutmon-x5b.gif,output-webm-all\shoutmon-x5b.webm,2,576,576,True,ok,Convertido para WebM VP9 com alpha. O loop é controlado pelo player/Foundry.
683,output-gif-all\shoutmon-x5s.gif,output-webm-all\shoutmon-x5s.webm,2,576,576,True,ok,Convertido para WebM VP9 com alpha. O loop é controlado pelo player/Foundry.
684,output-gif-all\shoutmon-x7-superior-mode.gif,output-webm-all\shoutmon-x7-superior-mode.webm,2,576,576,True,ok,Convertido para WebM VP9 com alpha. O loop é controlado pelo player/Foundry.
685,output-gif-all\shoutmon-x7.gif,output-webm-all\shoutmon-x7.webm,2,1152,1152,True,ok,Convertido para WebM VP9 com alpha. O loop é controlado pelo player/Foundry.
686,output-gif-all\shoutmon.gif,output-webm-all\shoutmon.webm,2,1152,1152,True,ok,Convertido para WebM VP9 com alpha. O loop é controlado pelo player/Foundry.
687,output-gif-all\shroudmon.gif,output-webm-all\shroudmon.webm,2,1152,1152,True,ok,Convertido para WebM VP9 com alpha. O loop é controlado pelo player/Foundry.
688,output-gif-all\shurimon.gif,output-webm-all\shurimon.webm,2,1152,1152,True,ok,Convertido para WebM VP9 com alpha. O loop é controlado pelo player/Foundry.
689,output-gif-all\shutumon.gif,output-webm-all\shutumon.webm,2,1152,1152,True,ok,Convertido para WebM VP9 com alpha. O loop é controlado pelo player/Foundry.
690,output-gif-all\siesamon.gif,output-webm-all\siesamon.webm,2,1152,1152,True,ok,Convertido para WebM VP9 com alpha. O loop é controlado pelo player/Foundry.
691,output-gif-all\silphymon.gif,output-webm-all\silphymon.webm,2,1152,1152,True,ok,Convertido para WebM VP9 com alpha. O loop é controlado pelo player/Foundry.
692,output-gif-all\sinduramon.gif,output-webm-all\sinduramon.webm,2,1152,1152,True,ok,Convertido para WebM VP9 com alpha. O loop é controlado pelo player/Foundry.
693,output-gif-all\sirenmon.gif,output-webm-all\sirenmon.webm,2,1152,1152,True,ok,Convertido para WebM VP9 com alpha. O loop é controlado pelo player/Foundry.
694,output-gif-all\siriusmon.gif,output-webm-all\siriusmon.webm,2,1152,1152,True,ok,Convertido para WebM VP9 com alpha. O loop é controlado pelo player/Foundry.
695,output-gif-all\skull-baluchimon.gif,output-webm-all\skull-baluchimon.webm,2,1152,1152,True,ok,Convertido para WebM VP9 com alpha. O loop é controlado pelo player/Foundry.
696,output-gif-all\skull-greymon.gif,output-webm-all\skull-greymon.webm,2,1152,1152,True,ok,Convertido para WebM VP9 com alpha. O loop é controlado pelo player/Foundry.
697,output-gif-all\skull-mammon.gif,output-webm-all\skull-mammon.webm,2,1152,1152,True,ok,Convertido para WebM VP9 com alpha. O loop é controlado pelo player/Foundry.
698,output-gif-all\skull-satamon.gif,output-webm-all\skull-satamon.webm,2,1152,1152,True,ok,Convertido para WebM VP9 com alpha. O loop é controlado pelo player/Foundry.
699,output-gif-all\slayerdramon.gif,output-webm-all\slayerdramon.webm,2,1152,1152,True,ok,Convertido para WebM VP9 com alpha. O loop é controlado pelo player/Foundry.
700,output-gif-all\snatchmon.gif,output-webm-all\snatchmon.webm,2,1152,1152,True,ok,Convertido para WebM VP9 com alpha. O loop é controlado pelo player/Foundry.
701,output-gif-all\snimon.gif,output-webm-all\snimon.webm,2,1152,1152,True,ok,Convertido para WebM VP9 com alpha. O loop é controlado pelo player/Foundry.
702,output-gif-all\snow-goblimon.gif,output-webm-all\snow-goblimon.webm,2,1152,1152,True,ok,Convertido para WebM VP9 com alpha. O loop é controlado pelo player/Foundry.
703,output-gif-all\soloogarmon.gif,output-webm-all\soloogarmon.webm,2,1152,1152,True,ok,Convertido para WebM VP9 com alpha. O loop é controlado pelo player/Foundry.
704,output-gif-all\sora-takenouchi.gif,output-webm-all\sora-takenouchi.webm,2,1152,1152,True,ok,Convertido para WebM VP9 com alpha. O loop é controlado pelo player/Foundry.
705,output-gif-all\spadamon.gif,output-webm-all\spadamon.webm,2,576,576,True,ok,Convertido para WebM VP9 com alpha. O loop é controlado pelo player/Foundry.
706,output-gif-all\sparrowmon.gif,output-webm-all\sparrowmon.webm,2,576,576,True,ok,Convertido para WebM VP9 com alpha. O loop é controlado pelo player/Foundry.
707,output-gif-all\spinomon.gif,output-webm-all\spinomon.webm,2,1152,1152,True,ok,Convertido para WebM VP9 com alpha. O loop é controlado pelo player/Foundry.
708,output-gif-all\splashmon.gif,output-webm-all\splashmon.webm,2,1152,1152,True,ok,Convertido para WebM VP9 com alpha. O loop é controlado pelo player/Foundry.
709,output-gif-all\starmon.gif,output-webm-all\starmon.webm,2,1152,1152,True,ok,Convertido para WebM VP9 com alpha. O loop é controlado pelo player/Foundry.
710,output-gif-all\starmons.gif,output-webm-all\starmons.webm,2,576,576,True,ok,Convertido para WebM VP9 com alpha. O loop é controlado pelo player/Foundry.
711,output-gif-all\stiffilmon.gif,output-webm-all\stiffilmon.webm,2,1152,1152,True,ok,Convertido para WebM VP9 com alpha. O loop é controlado pelo player/Foundry.
712,output-gif-all\stingmon.gif,output-webm-all\stingmon.webm,2,1152,1152,True,ok,Convertido para WebM VP9 com alpha. O loop é controlado pelo player/Foundry.
713,output-gif-all\strabimon.gif,output-webm-all\strabimon.webm,2,1152,1152,True,ok,Convertido para WebM VP9 com alpha. O loop é controlado pelo player/Foundry.
714,output-gif-all\strikedramon.gif,output-webm-all\strikedramon.webm,2,1152,1152,True,ok,Convertido para WebM VP9 com alpha. O loop é controlado pelo player/Foundry.
715,output-gif-all\submarimon.gif,output-webm-all\submarimon.webm,2,1152,1152,True,ok,Convertido para WebM VP9 com alpha. O loop é controlado pelo player/Foundry.
716,output-gif-all\sunamon.gif,output-webm-all\sunamon.webm,2,1152,1152,True,ok,Convertido para WebM VP9 com alpha. O loop é controlado pelo player/Foundry.
717,output-gif-all\sunarizamon.gif,output-webm-all\sunarizamon.webm,2,1152,1152,True,ok,Convertido para WebM VP9 com alpha. O loop é controlado pelo player/Foundry.
718,output-gif-all\sunflowmon.gif,output-webm-all\sunflowmon.webm,2,1152,1152,True,ok,Convertido para WebM VP9 com alpha. O loop é controlado pelo player/Foundry.
719,output-gif-all\super-starmon.gif,output-webm-all\super-starmon.webm,2,1152,1152,True,ok,Convertido para WebM VP9 com alpha. O loop é controlado pelo player/Foundry.
720,output-gif-all\susanoomon.gif,output-webm-all\susanoomon.webm,2,1152,1152,True,ok,Convertido para WebM VP9 com alpha. O loop é controlado pelo player/Foundry.
721,output-gif-all\symbare-angoramon.gif,output-webm-all\symbare-angoramon.webm,2,1152,1152,True,ok,Convertido para WebM VP9 com alpha. O loop é controlado pelo player/Foundry.
722,output-gif-all\tailmon.gif,output-webm-all\tailmon.webm,2,1152,1152,True,ok,Convertido para WebM VP9 com alpha. O loop é controlado pelo player/Foundry.
723,output-gif-all\takinmon.gif,output-webm-all\takinmon.webm,2,576,576,True,ok,Convertido para WebM VP9 com alpha. O loop é controlado pelo player/Foundry.
724,output-gif-all\takutoumon-wrath-mode.gif,output-webm-all\takutoumon-wrath-mode.webm,2,576,576,True,ok,Convertido para WebM VP9 com alpha. O loop é controlado pelo player/Foundry.
725,output-gif-all\takutoumon.gif,output-webm-all\takutoumon.webm,2,576,576,True,ok,Convertido para WebM VP9 com alpha. O loop é controlado pelo player/Foundry.
726,output-gif-all\tanemon.gif,output-webm-all\tanemon.webm,2,1152,1152,True,ok,Convertido para WebM VP9 com alpha. O loop é controlado pelo player/Foundry.
727,output-gif-all\tankdramon.gif,output-webm-all\tankdramon.webm,2,1152,1152,True,ok,Convertido para WebM VP9 com alpha. O loop é controlado pelo player/Foundry.
728,output-gif-all\tankmon.gif,output-webm-all\tankmon.webm,1,1152,1152,True,skipped,GIF estático: possui apenas 1 frame.
729,output-gif-all\taomon.gif,output-webm-all\taomon.webm,2,1152,1152,True,ok,Convertido para WebM VP9 com alpha. O loop é controlado pelo player/Foundry.
730,output-gif-all\tempomon.gif,output-webm-all\tempomon.webm,2,1152,1152,True,ok,Convertido para WebM VP9 com alpha. O loop é controlado pelo player/Foundry.
731,output-gif-all\tengumon.gif,output-webm-all\tengumon.webm,2,576,576,True,ok,Convertido para WebM VP9 com alpha. O loop é controlado pelo player/Foundry.
732,output-gif-all\tenkomon.gif,output-webm-all\tenkomon.webm,2,576,576,True,ok,Convertido para WebM VP9 com alpha. O loop é controlado pelo player/Foundry.
733,output-gif-all\tentomon.gif,output-webm-all\tentomon.webm,2,1152,1152,True,ok,Convertido para WebM VP9 com alpha. O loop é controlado pelo player/Foundry.
734,output-gif-all\terriermon.gif,output-webm-all\terriermon.webm,2,1152,1152,True,ok,Convertido para WebM VP9 com alpha. O loop é controlado pelo player/Foundry.
735,output-gif-all\tesla-jellymon.gif,output-webm-all\tesla-jellymon.webm,2,1152,1152,True,ok,Convertido para WebM VP9 com alpha. O loop é controlado pelo player/Foundry.
736,output-gif-all\thetismon.gif,output-webm-all\thetismon.webm,2,1152,1152,True,ok,Convertido para WebM VP9 com alpha. O loop é controlado pelo player/Foundry.
737,output-gif-all\thunderballmon.gif,output-webm-all\thunderballmon.webm,2,1152,1152,True,ok,Convertido para WebM VP9 com alpha. O loop é controlado pelo player/Foundry.
738,output-gif-all\thunderbirmon.gif,output-webm-all\thunderbirmon.webm,2,1152,1152,True,ok,Convertido para WebM VP9 com alpha. O loop é controlado pelo player/Foundry.
739,output-gif-all\tia-ludomon.gif,output-webm-all\tia-ludomon.webm,2,1152,1152,True,ok,Convertido para WebM VP9 com alpha. O loop é controlado pelo player/Foundry.
740,output-gif-all\tiger-vespamon.gif,output-webm-all\tiger-vespamon.webm,2,1152,1152,True,ok,Convertido para WebM VP9 com alpha. O loop é controlado pelo player/Foundry.
741,output-gif-all\tinkermon.gif,output-webm-all\tinkermon.webm,2,1152,1152,True,ok,Convertido para WebM VP9 com alpha. O loop é controlado pelo player/Foundry.
742,output-gif-all\tlalocmon.gif,output-webm-all\tlalocmon.webm,2,576,576,True,ok,Convertido para WebM VP9 com alpha. O loop é controlado pelo player/Foundry.
743,output-gif-all\tobiumon.gif,output-webm-all\tobiumon.webm,2,1152,1152,True,ok,Convertido para WebM VP9 com alpha. O loop é controlado pelo player/Foundry.
744,output-gif-all\togemon.gif,output-webm-all\togemon.webm,2,1152,1152,True,ok,Convertido para WebM VP9 com alpha. O loop é controlado pelo player/Foundry.
745,output-gif-all\tokomon.gif,output-webm-all\tokomon.webm,2,1152,1152,True,ok,Convertido para WebM VP9 com alpha. O loop é controlado pelo player/Foundry.
746,output-gif-all\tomorimon.gif,output-webm-all\tomorimon.webm,2,576,576,True,ok,Convertido para WebM VP9 com alpha. O loop é controlado pelo player/Foundry.
747,output-gif-all\tonosama-gekomon.gif,output-webm-all\tonosama-gekomon.webm,1,1152,1152,True,skipped,GIF estático: possui apenas 1 frame.
748,output-gif-all\toropiamon.gif,output-webm-all\toropiamon.webm,2,1152,1152,True,ok,Convertido para WebM VP9 com alpha. O loop é controlado pelo player/Foundry.
749,output-gif-all\tortamon.gif,output-webm-all\tortamon.webm,2,1152,1152,True,ok,Convertido para WebM VP9 com alpha. O loop é controlado pelo player/Foundry.
750,output-gif-all\toy-agumon.gif,output-webm-all\toy-agumon.webm,2,576,576,True,ok,Convertido para WebM VP9 com alpha. O loop é controlado pelo player/Foundry.
751,output-gif-all\training.gif,output-webm-all\training.webm,2,1088,576,False,ok,Convertido para WebM VP9 com alpha. O loop é controlado pelo player/Foundry.
752,output-gif-all\triceramon.gif,output-webm-all\triceramon.webm,2,1152,1152,True,ok,Convertido para WebM VP9 com alpha. O loop é controlado pelo player/Foundry.
753,output-gif-all\tsubumon.gif,output-webm-all\tsubumon.webm,2,1152,1152,True,ok,Convertido para WebM VP9 com alpha. O loop é controlado pelo player/Foundry.
754,output-gif-all\tsunomon.gif,output-webm-all\tsunomon.webm,2,1152,1152,True,ok,Convertido para WebM VP9 com alpha. O loop é controlado pelo player/Foundry.
755,output-gif-all\turuiemon.gif,output-webm-all\turuiemon.webm,2,1152,1152,True,ok,Convertido para WebM VP9 com alpha. O loop é controlado pelo player/Foundry.
756,output-gif-all\tuskmon.gif,output-webm-all\tuskmon.webm,1,1152,1152,True,skipped,GIF estático: possui apenas 1 frame.
757,output-gif-all\tyilinmon.gif,output-webm-all\tyilinmon.webm,2,1152,1152,True,ok,Convertido para WebM VP9 com alpha. O loop é controlado pelo player/Foundry.
758,output-gif-all\tyranomon.gif,output-webm-all\tyranomon.webm,2,1152,1152,True,ok,Convertido para WebM VP9 com alpha. O loop é controlado pelo player/Foundry.
759,output-gif-all\tyrant-kabuterimon.gif,output-webm-all\tyrant-kabuterimon.webm,2,1152,1152,True,ok,Convertido para WebM VP9 com alpha. O loop é controlado pelo player/Foundry.
760,output-gif-all\ukkomon.gif,output-webm-all\ukkomon.webm,2,1152,1152,True,ok,Convertido para WebM VP9 com alpha. O loop é controlado pelo player/Foundry.
761,output-gif-all\ulforce-v-dramon.gif,output-webm-all\ulforce-v-dramon.webm,2,1152,1152,True,ok,Convertido para WebM VP9 com alpha. O loop é controlado pelo player/Foundry.
762,output-gif-all\ultimate-brachiomon.gif,output-webm-all\ultimate-brachiomon.webm,2,1152,1152,True,ok,Convertido para WebM VP9 com alpha. O loop é controlado pelo player/Foundry.
763,output-gif-all\unimon.gif,output-webm-all\unimon.webm,1,1152,1152,True,skipped,GIF estático: possui apenas 1 frame.
764,output-gif-all\upamon.gif,output-webm-all\upamon.webm,2,1152,1152,True,ok,Convertido para WebM VP9 com alpha. O loop é controlado pelo player/Foundry.
765,output-gif-all\v-dramon.gif,output-webm-all\v-dramon.webm,2,1152,1152,True,ok,Convertido para WebM VP9 com alpha. O loop é controlado pelo player/Foundry.
766,output-gif-all\v-mon.gif,output-webm-all\v-mon.webm,2,1152,1152,True,ok,Convertido para WebM VP9 com alpha. O loop é controlado pelo player/Foundry.
767,output-gif-all\vademon.gif,output-webm-all\vademon.webm,1,1152,1152,True,skipped,GIF estático: possui apenas 1 frame.
768,output-gif-all\vajramon.gif,output-webm-all\vajramon.webm,2,1152,1152,True,ok,Convertido para WebM VP9 com alpha. O loop é controlado pelo player/Foundry.
769,output-gif-all\valkyrimon.gif,output-webm-all\valkyrimon.webm,2,1152,1152,True,ok,Convertido para WebM VP9 com alpha. O loop é controlado pelo player/Foundry.
770,output-gif-all\valvemon.gif,output-webm-all\valvemon.webm,2,1152,1152,True,ok,Convertido para WebM VP9 com alpha. O loop é controlado pelo player/Foundry.
771,output-gif-all\vamdemon.gif,output-webm-all\vamdemon.webm,2,1152,1152,True,ok,Convertido para WebM VP9 com alpha. O loop é controlado pelo player/Foundry.
772,output-gif-all\vegimon.gif,output-webm-all\vegimon.webm,2,1152,1152,True,ok,Convertido para WebM VP9 com alpha. O loop é controlado pelo player/Foundry.
773,output-gif-all\velgrmon.gif,output-webm-all\velgrmon.webm,2,1152,1152,True,ok,Convertido para WebM VP9 com alpha. O loop é controlado pelo player/Foundry.
774,output-gif-all\venom-vamdemon.gif,output-webm-all\venom-vamdemon.webm,1,1152,1152,True,skipped,GIF estático: possui apenas 1 frame.
775,output-gif-all\vermillimon.gif,output-webm-all\vermillimon.webm,2,1152,1152,True,ok,Convertido para WebM VP9 com alpha. O loop é controlado pelo player/Foundry.
776,output-gif-all\victory-greymon.gif,output-webm-all\victory-greymon.webm,2,1152,1152,True,ok,Convertido para WebM VP9 com alpha. O loop é controlado pelo player/Foundry.
777,output-gif-all\vikaralamon.gif,output-webm-all\vikaralamon.webm,2,1152,1152,True,ok,Convertido para WebM VP9 com alpha. O loop é controlado pelo player/Foundry.
778,output-gif-all\vikemon.gif,output-webm-all\vikemon.webm,2,1152,1152,True,ok,Convertido para WebM VP9 com alpha. O loop é controlado pelo player/Foundry.
779,output-gif-all\volcamon.gif,output-webm-all\volcamon.webm,2,1152,1152,True,ok,Convertido para WebM VP9 com alpha. O loop é controlado pelo player/Foundry.
780,output-gif-all\volcanicdramon.gif,output-webm-all\volcanicdramon.webm,2,1152,1152,True,ok,Convertido para WebM VP9 com alpha. O loop é controlado pelo player/Foundry.
781,output-gif-all\voltobautamon.gif,output-webm-all\voltobautamon.webm,2,576,576,True,ok,Convertido para WebM VP9 com alpha. O loop é controlado pelo player/Foundry.
782,output-gif-all\vorvomon.gif,output-webm-all\vorvomon.webm,2,1152,1152,True,ok,Convertido para WebM VP9 com alpha. O loop é controlado pelo player/Foundry.
783,output-gif-all\vritramon.gif,output-webm-all\vritramon.webm,2,1152,1152,True,ok,Convertido para WebM VP9 com alpha. O loop é controlado pelo player/Foundry.
784,output-gif-all\vulturemon.gif,output-webm-all\vulturemon.webm,2,1152,1152,True,ok,Convertido para WebM VP9 com alpha. O loop é controlado pelo player/Foundry.
785,output-gif-all\wankomon.gif,output-webm-all\wankomon.webm,2,576,576,True,ok,Convertido para WebM VP9 com alpha. O loop é controlado pelo player/Foundry.
786,output-gif-all\wanyamon.gif,output-webm-all\wanyamon.webm,2,1152,1152,True,ok,Convertido para WebM VP9 com alpha. O loop é controlado pelo player/Foundry.
787,output-gif-all\war-greymon.gif,output-webm-all\war-greymon.webm,2,1152,1152,True,ok,Convertido para WebM VP9 com alpha. O loop é controlado pelo player/Foundry.
788,output-gif-all\waru-monzaemon.gif,output-webm-all\waru-monzaemon.webm,2,1152,1152,True,ok,Convertido para WebM VP9 com alpha. O loop é controlado pelo player/Foundry.
789,output-gif-all\waru-seadramon.gif,output-webm-all\waru-seadramon.webm,2,1152,1152,True,ok,Convertido para WebM VP9 com alpha. O loop é controlado pelo player/Foundry.
790,output-gif-all\waspmon.gif,output-webm-all\waspmon.webm,2,1152,1152,True,ok,Convertido para WebM VP9 com alpha. O loop é controlado pelo player/Foundry.
791,output-gif-all\weathered-medal.gif,output-webm-all\weathered-medal.webm,1,1152,1152,True,skipped,GIF estático: possui apenas 1 frame.
792,output-gif-all\wendimon.gif,output-webm-all\wendimon.webm,2,1152,1152,True,ok,Convertido para WebM VP9 com alpha. O loop é controlado pelo player/Foundry.
793,output-gif-all\were-garurumon-black.gif,output-webm-all\were-garurumon-black.webm,2,1152,1152,True,ok,Convertido para WebM VP9 com alpha. O loop é controlado pelo player/Foundry.
794,output-gif-all\were-garurumon-saggitarius-mode.gif,output-webm-all\were-garurumon-saggitarius-mode.webm,2,1152,1152,True,ok,Convertido para WebM VP9 com alpha. O loop é controlado pelo player/Foundry.
795,output-gif-all\were-garurumon.gif,output-webm-all\were-garurumon.webm,2,1152,1152,True,ok,Convertido para WebM VP9 com alpha. O loop é controlado pelo player/Foundry.
796,output-gif-all\wezen-gammamon.gif,output-webm-all\wezen-gammamon.webm,2,1152,1152,True,ok,Convertido para WebM VP9 com alpha. O loop é controlado pelo player/Foundry.
797,output-gif-all\whamon.gif,output-webm-all\whamon.webm,2,1152,1152,True,ok,Convertido para WebM VP9 com alpha. O loop é controlado pelo player/Foundry.
798,output-gif-all\wingdramon.gif,output-webm-all\wingdramon.webm,2,1152,1152,True,ok,Convertido para WebM VP9 com alpha. O loop é controlado pelo player/Foundry.
799,output-gif-all\wisemon.gif,output-webm-all\wisemon.webm,2,1152,1152,True,ok,Convertido para WebM VP9 com alpha. O loop é controlado pelo player/Foundry.
800,output-gif-all\wizarmon.gif,output-webm-all\wizarmon.webm,2,1152,1152,True,ok,Convertido para WebM VP9 com alpha. O loop é controlado pelo player/Foundry.
801,output-gif-all\wolfmon.gif,output-webm-all\wolfmon.webm,2,1152,1152,True,ok,Convertido para WebM VP9 com alpha. O loop é controlado pelo player/Foundry.
802,output-gif-all\woodmon.gif,output-webm-all\woodmon.webm,1,1152,1152,True,skipped,GIF estático: possui apenas 1 frame.
803,output-gif-all\wormmon.gif,output-webm-all\wormmon.webm,2,1152,1152,True,ok,Convertido para WebM VP9 com alpha. O loop é controlado pelo player/Foundry.
804,output-gif-all\xiangpengmon.gif,output-webm-all\xiangpengmon.webm,2,1152,1152,True,ok,Convertido para WebM VP9 com alpha. O loop é controlado pelo player/Foundry.
805,output-gif-all\xingtianmon.gif,output-webm-all\xingtianmon.webm,2,576,576,True,ok,Convertido para WebM VP9 com alpha. O loop é controlado pelo player/Foundry.
806,output-gif-all\xiquemon.gif,output-webm-all\xiquemon.webm,2,1152,1152,True,ok,Convertido para WebM VP9 com alpha. O loop é controlado pelo player/Foundry.
807,output-gif-all\xv-mon.gif,output-webm-all\xv-mon.webm,2,1152,1152,True,ok,Convertido para WebM VP9 com alpha. O loop é controlado pelo player/Foundry.
808,output-gif-all\yaamon.gif,output-webm-all\yaamon.webm,2,1152,1152,True,ok,Convertido para WebM VP9 com alpha. O loop é controlado pelo player/Foundry.
809,output-gif-all\yatagaramon-2006.gif,output-webm-all\yatagaramon-2006.webm,2,1152,1152,True,ok,Convertido para WebM VP9 com alpha. O loop é controlado pelo player/Foundry.
810,output-gif-all\youkomon.gif,output-webm-all\youkomon.webm,2,1152,1152,True,ok,Convertido para WebM VP9 com alpha. O loop é controlado pelo player/Foundry.
811,output-gif-all\yukidarumon.gif,output-webm-all\yukidarumon.webm,2,1152,1152,True,ok,Convertido para WebM VP9 com alpha. O loop é controlado pelo player/Foundry.
812,output-gif-all\yukimibotamon.gif,output-webm-all\yukimibotamon.webm,2,1152,1152,True,ok,Convertido para WebM VP9 com alpha. O loop é controlado pelo player/Foundry.
813,output-gif-all\yukinamon.gif,output-webm-all\yukinamon.webm,2,576,576,True,ok,Convertido para WebM VP9 com alpha. O loop é controlado pelo player/Foundry.
814,output-gif-all\yuramon.gif,output-webm-all\yuramon.webm,2,1152,1152,True,ok,Convertido para WebM VP9 com alpha. O loop é controlado pelo player/Foundry.
815,output-gif-all\z-d-garurumon.gif,output-webm-all\z-d-garurumon.webm,2,1152,1152,True,ok,Convertido para WebM VP9 com alpha. O loop é controlado pelo player/Foundry.
816,output-gif-all\zamielmon.gif,output-webm-all\zamielmon.webm,2,1152,1152,True,ok,Convertido para WebM VP9 com alpha. O loop é controlado pelo player/Foundry.
817,output-gif-all\zanbamon.gif,output-webm-all\zanbamon.webm,2,1152,1152,True,ok,Convertido para WebM VP9 com alpha. O loop é controlado pelo player/Foundry.
818,output-gif-all\zanmetsumon.gif,output-webm-all\zanmetsumon.webm,2,1152,1152,True,ok,Convertido para WebM VP9 com alpha. O loop é controlado pelo player/Foundry.
819,output-gif-all\zassoumon.gif,output-webm-all\zassoumon.webm,2,1152,1152,True,ok,Convertido para WebM VP9 com alpha. O loop é controlado pelo player/Foundry.
820,output-gif-all\zeke-greymon.gif,output-webm-all\zeke-greymon.webm,2,1152,1152,True,ok,Convertido para WebM VP9 com alpha. O loop é controlado pelo player/Foundry.
821,output-gif-all\zephagamon.gif,output-webm-all\zephagamon.webm,2,576,576,True,ok,Convertido para WebM VP9 com alpha. O loop é controlado pelo player/Foundry.
822,output-gif-all\zerimon.gif,output-webm-all\zerimon.webm,2,1152,1152,True,ok,Convertido para WebM VP9 com alpha. O loop é controlado pelo player/Foundry.
823,output-gif-all\zubaeagermon.gif,output-webm-all\zubaeagermon.webm,2,1152,1152,True,ok,Convertido para WebM VP9 com alpha. O loop é controlado pelo player/Foundry.
824,output-gif-all\zubamon.gif,output-webm-all\zubamon.webm,2,1152,1152,True,ok,Convertido para WebM VP9 com alpha. O loop é controlado pelo player/Foundry.
825,output-gif-all\zudomon.gif,output-webm-all\zudomon.webm,2,1152,1152,True,ok,Convertido para WebM VP9 com alpha. O loop é controlado pelo player/Foundry.
826,output-gif-all\zurumon.gif,output-webm-all\zurumon.webm,2,1152,1152,True,ok,Convertido para WebM VP9 com alpha. O loop é controlado pelo player/Foundry.
